cell_id,perpendicularity,sphericity,columnarity
962,0.7245673565620319,0.4931244917601619,0.36726544711137593
1013,0.46022359019488857,0.720843979858235,0.1284741858141597
1354,0.15747354067057084,0.6957750382038524,0.047907381894408504
1357,0.36145571551857625,0.6729672205023723,0.11820786731134378
1406,0.8490632603912253,0.6089042391982451,0.3320650417915248
1411,0.03306434926619772,0.4109466674550878,0.019476665123682693
1421,0.05641965574584318,0.5361229796139709,0.02617178179858724
1537,0.8414133316484524,0.7249998997059036,0.2313887505921142
1545,0.004176828625006568,0.3155917126123234,0.0028586561259525693
1672,0.3901473717329246,0.3940427957139398,0.23641261063483723
1753,0.30298852886435457,0.426545412756818,0.1737501617593274
1758,4.868489324416636e-05,0.4358039918353191,2.74678224262823e-05
1759,0.7357782961564676,0.4100132242258177,0.4340994646339758
1761,0.7465954947125691,0.6828236331728689,0.23680244650243726
1762,0.8305576314300143,0.3735647463283616,0.5202905805337762
1823,0.2533886026317679,0.6934596586952838,0.07767382873346723
1826,0.7633490897574622,0.5567398765870148,0.33836221173308256
1828,0.46766080367546103,0.7066616209369853,0.13718286210146652
1834,0.32347030509264574,0.8262056201158632,0.05621732108450891
1840,0.3509499519256327,0.6774827543485232,0.11318741185657324
1916,0.8355137195940694,0.6168113189805545,0.32015940018490224
1917,0.5576617710513602,0.5948320174812657,0.2259466947047039
1924,0.47523618228927655,0.6350890267214098,0.17341889781638142
1925,0.9114458037828578,0.3370671847492774,0.6042273326502275
1931,0.01473924799144033,0.6468632103069911,0.005204970718186367
1932,0.9329975551844893,0.5957809500233164,0.37713538538724267
1934,0.3695448168957809,0.5421583879842813,0.16919299467961793
1935,0.5836060367586227,0.4114138358941777,0.34350243852475926
1937,0.5358072914748189,0.7667189160391282,0.12499370574938451
2019,0.6116594387160574,0.6331860168742901,0.22436523503187308
2103,0.6923156230534822,0.8012655955566405,0.13758693303436717
2120,0.9498609558834284,0.4759187850174535,0.49780428382387015
2144,0.45898745141748354,0.6121526687673418,0.17801705810155039
2196,0.14654813541639788,0.8764206105526253,0.018110329099409635
2199,0.05920150228628884,0.4538114337414177,0.03233518365410229
2207,0.185177364419833,0.6725077571482477,0.06064415039922738
2212,0.7146268438640827,0.5540059559658571,0.31871931607029824
2214,0.9771997248976498,0.6594971979009164,0.3327392445381034
2216,0.46588690859906057,0.7519320703046061,0.11557160088835618
2220,0.8833478383976454,0.4000844804478559,0.5299340774175869
2222,0.9784231304587457,0.6368630291240853,0.3553016118297188
2224,0.930711276460585,0.49648233959408716,0.4686295644368345
2231,0.003918306806073524,0.7898200321929422,0.0008235495983587089
2238,0.42262283369899245,0.5612942632461985,0.18540706162689582
2301,0.5762204023342521,0.5287750604310956,0.2715294242683277
2311,0.3917810165314788,0.6742289482567602,0.12763091380849548
2321,0.8609378076380539,0.7292217849231231,0.2331232028444319
2330,0.9778479143704112,0.6434235927686136,0.3486774961249056
2336,0.936776258093991,0.6570385882825779,0.32127810793927936
2340,0.08740452664600029,0.5260190725061686,0.041428078606830517
2427,0.3749056918748144,0.5740133318488284,0.15970482655266194
2453,0.02678043858038437,0.6163639843981114,0.010273940753049758
2458,0.5210164434781248,0.38365266497858225,0.3211270964400793
2469,0.9791020101675314,0.4286516016084731,0.5594083653711435
2531,0.06292024139922248,0.6485498540478245,0.022113328023102855
2545,0.4453994200222262,0.579018362514828,0.1875049771759027
2550,0.7304171799900887,0.6036846512584654,0.28947553941458026
2559,0.21433402361493092,0.4979566931024379,0.10760496199630008
2561,0.8969658569450044,0.5555602714942426,0.3986472619395718
2629,0.5221523395794672,0.4238253937361248,0.30085091866696073
2641,0.05925083080334337,0.7272092838680148,0.01616307656625913
2650,0.8833440068530141,0.8014399394589165,0.1753968394793378
2652,0.8091200461986365,0.4841747580339868,0.41736454360996345
2657,0.29958528076447377,0.4849689638235205,0.15429571757534846
2661,0.8301715453805709,0.4926557150599453,0.4211827890686859
2672,0.2968676970717218,0.3859153831184444,0.18230188602079797
2673,0.8559981904133666,0.47102662937747786,0.452800248029738
2729,0.9579880235769332,0.46270639842417693,0.5147208354541549
2733,0.6330395482724567,0.5126017960788574,0.30854233883904686
2756,0.8444618949333972,0.478535986208393,0.4403564892260356
2758,0.35075552796705234,0.4376967502838463,0.1972309732317788
2761,0.15829178495296814,0.7211957807179378,0.044132417522576364
2764,0.051097124502042734,0.5817513132078265,0.021371305221835567
2777,0.03877800972451362,0.5066580792223033,0.01913081780142775
2783,0.976614653090824,0.5797418752453962,0.4104302427158176
2799,0.06901240174270185,0.5137779076493976,0.033555354373476856
2865,0.6463854533734283,0.627335955163171,0.24088461757782936
2866,0.10086346801729895,0.6812493841636085,0.03215029254590822
2886,0.31787460888831565,0.7863893331518369,0.06790140717873214
2888,0.8557432574080229,0.7231746249090139,0.23689144821355826
2890,0.05072047864699436,0.5993950805417589,0.02031887326326261
2893,0.23229126749981588,0.5310763660732056,0.10892686528547472
2903,0.20577540959918572,0.6713035418152504,0.06763764831676847
3006,0.07084467736258548,0.7317855176652206,0.019001568464980332
3007,0.1231972190902535,0.6863328782946909,0.03864291711413817
3011,0.9666983711077666,0.45460452073814145,0.5272329214119783
3013,0.958863804553001,0.5559745453484389,0.4257599367655719
3029,0.07311508357470331,0.331528011481625,0.0488753853078691
3032,0.955957778133522,0.540004897215592,0.43973589641008376
3037,0.8713362608286126,0.48324646649746944,0.4502660916520682
3041,0.006741529237255017,0.6384794528424184,0.002437201338531268
3042,0.690487220408003,0.5686899429195655,0.2978140824474863
3043,0.9186641334195954,0.6651269458066404,0.3076358641361159
3049,0.8036985522052716,0.6660871207575882,0.26836529760982003
3053,0.46322488459556144,0.6770511412808998,0.14959794781042346
3099,0.928597425885068,0.4075646638441247,0.5501339281577008
3115,0.8855145023989607,0.32802203510280614,0.5950462332090048
3147,0.13671132870981662,0.8184037899500293,0.024826259164598453
3161,0.8891646402385585,0.47825689621476797,0.4639155191741447
3167,0.9190193381474495,0.5053847969902535,0.4545609365076836
3186,0.6718650704211653,0.5850832201665841,0.2787680915017011
3246,0.101435485152511,0.4948818001118123,0.05123690966502135
3257,0.3119135479720915,0.5535874882730605,0.1392421103918826
3272,0.12021031211696831,0.4848879922376582,0.06192177522830931
3305,0.8358768527639867,0.6323208050648178,0.3073345282892165
3309,0.9481357986691616,0.573817816508988,0.40407858492281784
3320,0.3340897138963107,0.62599926165282,0.12494979967141831
3372,0.4519161133505628,0.7127027311324047,0.12983426512287533
3374,0.05090458198414083,0.6310255460013142,0.0187824903436297
3378,0.029262203685718635,0.4829543850383359,0.015129894099815867
3385,0.7693987443510917,0.38739165113256707,0.47134009439759844
3404,0.7160052224534856,0.3624799058234791,0.45646771684942694
3412,0.001505758128621637,0.7012991006260769,0.00044977130725887835
3421,0.3689904624250646,0.4884686152791088,0.18875020219309527
3424,0.8649152102535553,0.6827211333716136,0.2744193176389006
3425,0.9735906876712549,0.7104495718256875,0.28190360048173524
3428,0.8259583348920079,0.6555227435231427,0.2845238611677922
3431,0.5443686583277357,0.7882587897875363,0.11526527851604994
3436,0.31269918125211504,0.33802436449774037,0.20699923923040514
3437,0.9282801476484714,0.5727064749534648,0.3966480965194335
3443,0.5049002628136391,0.6041893805441287,0.19984488578769868
3454,0.9449947114993136,0.4547395563988709,0.5152682355928366
3461,0.12733741105293717,0.7977077432907623,0.025759372245410483
3552,0.4090788308665656,0.4374643617530533,0.23012142121483822
3566,0.8511167713041026,0.6726182498328669,0.27864009818613666
3576,0.8161284356389213,0.5581249648148016,0.3606267812135893
3581,0.18746544745847227,0.5288866689632062,0.08831747140646391
3582,0.7334438243214912,0.41371046429619457,0.4300104392262705
3587,0.20661557238857975,0.3977727658124462,0.12442952469965271
3607,0.5846448343525917,0.5336900869154299,0.27262568189229996
3610,0.8154472438583962,0.2915047069841108,0.5777405339764536
3666,0.9714978388034091,0.5860122244500545,0.40218822923780284
3672,0.842714370501189,0.4891262227784331,0.43052067357683743
3674,0.8066224600817843,0.7595527906775966,0.19395011950343674
3707,0.003939738732038345,0.6003119622168099,0.0015746664431868392
3709,0.0924102110569518,0.6017873975871891,0.03679891063450588
3714,0.7782015348578893,0.6263145425047545,0.29080259657687263
3719,0.7071331218788912,0.3232233860186223,0.47857115985927684
3726,0.9528792805695453,0.7723208053892494,0.21695078716134553
3737,0.7982573602799681,0.6078853240395135,0.31300842615925306
3739,0.7576417295321389,0.7545164655112757,0.18598856964169955
3745,0.774725164910669,0.7621526880443187,0.18426629797842453
3805,0.6215195607189661,0.3803803680307789,0.38510572147435773
3809,0.3211660998549247,0.4961157458801421,0.16183054067398253
3816,0.5041560070323781,0.552848575501705,0.2254340767139003
3822,0.3641733244260196,0.7614986626013186,0.08685582492052955
3824,0.03559828154156752,0.4196350313480487,0.020659995550935173
3833,0.008614043256179538,0.6791986955101946,0.0027633963135140064
3836,0.17101083260958605,0.6330535151434526,0.06275182389847903
3841,0.039654711620185856,0.4872016605460858,0.020334870270355142
3847,0.6991658397568696,0.6821294739067443,0.2222442133099491
3848,0.9777845987099469,0.43037420829059886,0.5569713261614126
3862,0.5119921870816578,0.49044911462142887,0.26088607223436977
3864,0.34582476946954455,0.5360078470226077,0.16045997933908432
3929,0.16675240483370568,0.5167234629009878,0.08058752476096587
3938,0.3424842617359135,0.7036730448243369,0.10148731847578811
3939,0.7261074123660269,0.6884781858610686,0.2261982983599899
3940,0.00015238920219218244,0.5079876471904256,7.497736991334964e-05
3944,0.6647783178570019,0.5891648033744941,0.2731143309291545
3945,0.2813826499437774,0.4159069069400717,0.16435366233905999
3947,0.06627743330161906,0.7693738854763288,0.015285306922954177
3954,0.8737466863122147,0.5561282469140416,0.38783147340644974
3956,0.01102134642557806,0.5711866572992248,0.004726100401815369
3964,0.9818828192156914,0.6338361020602159,0.3595300404041219
3980,0.06481301347666202,0.28731229139629083,0.04619143806238357
3984,0.42792681357711004,0.5353402376924882,0.19884037148175088
4057,0.006366648301969535,0.47520540332358224,0.0033411826278127027
4063,0.020116434126812965,0.6521518432761285,0.006997464530869073
4069,0.9401722427332978,0.6433380193717523,0.33532369422495967
4070,0.9054239321742185,0.7464687620374326,0.22955325040506525
4074,0.8407260495813049,0.6072616948324939,0.33018532382273436
4075,0.2109989111163434,0.6155087451755054,0.08112723610172488
4079,0.9781835446392517,0.64257118029243,0.34963098981777485
4081,0.7200431780518353,0.508319600271292,0.35403111760645567
4089,0.9562819542836819,0.5809664197140522,0.4007142510663343
4095,0.9452809746889553,0.5895706051185924,0.3879710984344951
4166,0.13615691842251554,0.569697445623476,0.05858866979324443
4178,0.5004774086712758,0.720594877849864,0.13983595150318134
4190,0.0017134965922593892,0.572032951170419,0.0007333200797687947
4193,0.039211936998302166,0.6919842194647332,0.012077895380831748
4197,0.9694586079660654,0.48782713249276927,0.496530395171548
4201,0.0011901269947324211,0.5336032494293693,0.0005550713631095913
4203,0.13337704353950242,0.7869288608546823,0.02841879860279642
4210,0.8542885619866412,0.5675103771758864,0.36947093795655683
4211,0.7509645385626696,0.6979843217760814,0.22680306443611675
4229,0.01102696023922245,0.38267879375077946,0.0068071763961389965
4231,0.2554154743540542,0.4329505712159668,0.14483319883506932
4237,0.1767112411906384,0.5082573837664549,0.08689644806096153
4293,0.7903614259057062,0.6645192052154597,0.2651510793298889
4298,0.6321681147336227,0.6513023093439664,0.22043556171399273
4313,0.12487820381119974,0.5775158102839995,0.05275906675036429
4316,0.054634196041161376,0.7510597161287594,0.01360065227156372
4319,0.10183761867245955,0.6573478626295333,0.03489487770283682
4323,0.013779872981176444,0.5615563119363798,0.0060416983309152334
4325,0.6198312959766594,0.553225871871675,0.27692458684662175
4331,0.673065138927324,0.7786044201960136,0.14901364667866554
4342,0.004531787051481273,0.438705838121505,0.002543665614872997
4343,0.7542284723208916,0.6347123645778512,0.2755103352221581
4350,0.12451921303502611,0.4808702367891287,0.06464162957807715
4424,0.8525711268707634,0.6129528978704216,0.3299851840146781
4433,0.8321690183960866,0.40957983125995645,0.49132937226165385
4437,0.9471006228658764,0.5892664342493724,0.38900601595434176
4451,0.007362206519734182,0.5498245546120715,0.003314284599059247
4454,0.9294758321689238,0.5534313977200326,0.4150747232246859
4473,0.3296942616373041,0.46178803948659686,0.1774453949258323
4476,0.09814387772363797,0.49835216323333104,0.04923366395195546
4479,0.45326997740250086,0.48603396828054546,0.2329653715831302
4480,0.04959101270934241,0.7208345685747302,0.013844096457819612
4505,0.8579939002333734,0.4420792728314132,0.4786925807244157
4509,0.4607414900738612,0.7831377067220344,0.09991745614572456
4512,0.7578868906923784,0.848710008094952,0.11466070155779191
4564,0.7357798470182744,0.41874936491339276,0.4276725033632987
4571,0.7251401385336257,0.4565847291221061,0.3940522248056837
4572,0.041867205409913066,0.5000597769287259,0.020931100012002792
4578,0.8530252633153594,0.6597133882725483,0.2902730765715009
4582,0.04500711596996865,0.6006033773460819,0.0179756901137987
4611,0.0026265562312991486,0.6872456566607175,0.0008214668693636659
4618,0.02852625211606319,0.6592267042831293,0.009720984948041208
4621,0.004138368262346703,0.4679238180961729,0.0022019271843414095
4622,0.027892088690339656,0.7039159529005431,0.008258402501492755
4625,0.5576388297573802,0.5384176155188951,0.25739626071866445
4626,0.7954047539505358,0.5546732532310035,0.35421501144138623
4628,0.21345244471675817,0.3904088851194309,0.13011871374887166
4645,0.8189140212604706,0.7064302480578035,0.24040838608342296
4646,0.012255169298469704,0.5286440827325952,0.0057765465659475245
4702,0.0027627030025556554,0.5028265716725403,0.001373542523231162
4703,0.2578244647033353,0.5320661642662613,0.12064479071462962
4718,0.09387971217126856,0.5674795856033383,0.0406048920117564
4731,0.5828110955755186,0.561322431930109,0.2556661540512173
4738,0.6331204267721156,0.5513598099188428,0.2840432686113053
4742,0.45714668846215467,0.6837851422591661,0.14455657505875355
4743,0.47070597338925924,0.47024036430980787,0.24936102497989124
4748,0.0012204021134275544,0.5506125145233645,0.0005484334370235805
4772,0.7798692276914336,0.6593815882071663,0.26563781774235995
4775,0.8884102338482924,0.2904133997584769,0.6304039974561864
4827,0.8676133386861585,0.584179155827413,0.3607717109078751
4830,0.5196921620588768,0.5132614976357721,0.2529541846509653
4835,0.09914791707449122,0.39694428337402504,0.05979171818333004
4840,0.6156090237993818,0.5291837034794894,0.2898387606898318
4851,0.3389653076426187,0.40618651855188553,0.20128216942139454
4853,0.07124607632158952,0.5327299134211259,0.03329116025119421
4857,0.0005982066459171431,0.5926807520856378,0.00024366108111234394
4863,0.6394432594847816,0.452964422495239,0.3497982127337843
4866,0.7719199713925151,0.5818724830018798,0.32276098095961236
4869,0.5201823782406171,0.5413909167699192,0.2385603635973725
4874,0.9660802368768846,0.576064802756057,0.4095554157738773
4876,0.008417939868484492,0.5227109462760312,0.0040177905541342335
4881,0.007187197722943961,0.6734185550051485,0.0023472054178227454
4892,0.0005912796534855991,0.6492522637191208,0.00020738999996901654
4897,0.2644189484314837,0.6633521849609558,0.08901606124438069
4910,0.35303947041706374,0.3662200413529351,0.22374934096170837
4957,0.673421650500587,0.6939794915717471,0.20608083587278286
4962,0.735967913479173,0.4870304361945138,0.3775291395522452
4986,0.8732170190270663,0.5375854201990466,0.40378828092844193
4991,0.00021368233148566507,0.766988203896363,4.979050385508756e-05
4996,0.15609495728112543,0.797017694557156,0.03168451429692509
5002,0.15837150536563238,0.7258495106490552,0.04341762569523389
5023,0.20567452921825935,0.4540290239474785,0.11229232346643592
5026,0.7778034645031796,0.48647959262031193,0.39941795195300556
5028,0.25284018127173247,0.7190112487506619,0.07104524680120039
5058,0.0001725755991458522,0.42197214638701713,9.975350316025145e-05
5064,0.004913474971671161,0.639991413274982,0.0017688931804600825
5066,0.4218754101449347,0.5010311930806751,0.21050267006861892
5111,0.18590971441361948,0.5579172391177841,0.08218747982279719
5113,0.39790473415050476,0.6920551927628368,0.12253269665673186
5118,0.8356789900798627,0.6059516005697659,0.32929796847844434
5153,0.5767567590800484,0.5049883564270563,0.28550131125401906
5168,0.03647539361644847,0.7337465696029933,0.009711698675460484
5174,0.4475937507537916,0.7028971151374812,0.1329813945953867
5178,0.7281072872453527,0.6189806238021648,0.2774229843913223
5183,0.6712811485023777,0.7309468519569987,0.18061030622648616
5184,0.24381850239748148,0.5548224404286793,0.108542525875645
5192,0.9591403481055495,0.6875290689530397,0.2997034775772467
5226,0.14384119102061677,0.5648458581316301,0.06259309004390076
5282,0.053845853526948595,0.7926749491928728,0.011163594318227745
5283,0.5973885853347883,0.6451063274127399,0.21200942901117087
5285,0.9705019206143769,0.6930844488021467,0.29786213190393673
5291,0.8059613001993498,0.43013515327095553,0.45928901280764384
5299,0.7381397272758943,0.8081405295308616,0.14161909720738733
5328,0.9128045518306888,0.6726993568512953,0.29876151688324953
5332,0.485907355604533,0.7061777294171278,0.14277040251664302
5333,0.4344015388171639,0.613531992845419,0.1678822970115527
5335,0.40216404353732516,0.6765909930142829,0.130063473965767
5337,0.9159524763749689,0.8140598476407166,0.17031234301102466
5344,0.8286616803526462,0.5693048044786292,0.35690060444055066
5353,0.9621025314920761,0.5583167315131088,0.42494459072893237
5361,0.1843378553979642,0.5150804380101747,0.08938903209772457
5366,0.0022872165638484487,0.475970209895589,0.0011985696158768348
5368,0.02016670372222862,0.593579475247836,0.008196162309309573
5386,0.909231831153963,0.4789700485589316,0.473737016834823
5388,0.8890811680916085,0.3104999484221427,0.6130215112560657
5430,0.7527434896380882,0.7612674124405204,0.1797044010498531
5449,0.35578748137005234,0.5494319832125273,0.1603064598787144
5474,0.4067589279690643,0.6419795151576916,0.145628028605422
5483,0.40539548956497906,0.6879657937813498,0.12649725979102933
5524,0.9477754544088505,0.49720012534658337,0.47654137967635496
5531,0.7522835601243778,0.6097846076126929,0.2935526246004544
5536,0.366163162191674,0.7198360210299645,0.10258572847186986
5537,0.8694624554361512,0.27194841493381516,0.633013518835827
5587,0.20138587006174657,0.6268745354406408,0.07514219632247995
5601,0.49149656778974204,0.5000561570643266,0.24572068289049734
5621,0.45900925444666907,0.6958958345561339,0.13958662625451548
5626,0.07933352110897973,0.5362658799429716,0.03678966060249841
5630,0.19746081264555104,0.3009821894492626,0.13802862492506246
5639,0.6367498400073642,0.7767428198716355,0.14215897372723138
5644,0.45513633711714285,0.7687101786996683,0.1052684020791115
5646,0.00036615798767414276,0.5813772389793314,0.0001532820677699216
5653,0.33063472532273597,0.5319446697590378,0.154755345550063
5667,0.002575922821711374,0.6014156506251663,0.0010267225219316137
5672,0.6364295211304862,0.5951671315081936,0.2576475886321215
5674,0.8773984850380179,0.3398123541384921,0.5792476403197024
5675,0.054692435182633226,0.4129897066370987,0.032105022421288994
5676,0.47757097732163734,0.42534683788763306,0.2744376722509724
5736,0.06187645191536417,0.5730299323652226,0.026419392859303094
5742,0.04493350769308935,0.6418581853561208,0.016092567983517724
5758,0.7053666729736645,0.3519639277561111,0.4571030482455932
5766,0.4666519006367438,0.4134669101112055,0.27370678118294806
5780,0.7673870475125524,0.6917756201295874,0.23652739684014332
5787,0.27680047664664265,0.6911221529030978,0.08549753530201135
5790,0.6454004466515153,0.5608586150730123,0.2834220459750429
5791,0.5149417372736071,0.46675724624538184,0.27458895000696537
5802,0.9657725759632886,0.44647390313001756,0.5345803244370277
5809,0.43954746623427177,0.36666278670482955,0.2783817673757667
5872,0.18332367695164054,0.7928581814579366,0.03797399982558057
5895,0.500916801156905,0.7193613009035692,0.14057663943221932
5905,0.9052648111459235,0.6952461378327955,0.2758829474807851
5906,0.0009759327019894792,0.6262721647317403,0.00036473321608203167
5915,0.06769231957626509,0.6580287852510851,0.023148824754667126
5917,0.1420784036654057,0.6034331423979485,0.05634358607470573
5922,0.22439341631668874,0.6344978607714511,0.08201627369255211
5923,0.4398331602691896,0.5316232572414072,0.20600762296410113
5929,0.5852233381478464,0.7190403057013663,0.16442417018244485
5935,0.24512501550127663,0.6596695464841851,0.08342350769362064
5951,0.7638410198594408,0.5764441443082335,0.323529336779037
5955,0.9072189102656378,0.7094817129054062,0.2635636838301971
6011,0.609088679133955,0.5897925234334289,0.2498527300728056
6030,0.8460974214310455,0.4282007325011174,0.48379788580696514
6032,0.04701154356211157,0.7584605197261466,0.011355143798864048
6039,0.9167321144367326,0.6024770660390071,0.36442203978715465
6043,0.9245427396603457,0.5766922478121939,0.391366108927177
6046,0.7552289316254517,0.7080649098395856,0.22047782624582968
6048,0.7642052311349725,0.5870656168445384,0.31556661572289685
6056,0.6991666005418273,0.7406490368289472,0.18132953126755363
6058,0.03850204293604276,0.6931936703179317,0.011812670478468684
6067,0.086812213744348,0.6981169052568864,0.026207139746644435
6071,0.3504895978820638,0.5372709242519835,0.16218172768726133
6074,0.9842482022096505,0.543196232980924,0.44960828645112155
6084,0.0682109138057172,0.5235958113617505,0.03249596504788627
6102,0.62556988206297,0.6328241696884491,0.22969414086436998
6148,0.01524469875860024,0.5504188400957772,0.00685372935028196
6160,0.7248634884889058,0.6895069640576691,0.2250650651846692
6165,0.6148966867314889,0.676250556732275,0.19907245999648826
6166,0.3870454712596586,0.5894039961862256,0.15891932379343487
6172,0.692298858762054,0.5100271985662651,0.33920761125702115
6173,0.7048883673543447,0.6969861289100263,0.2135909528783314
6179,0.820230289842595,0.5967504056019378,0.3307575316920314
6181,0.139091249668999,0.720153195595572,0.03892424174048782
6187,0.17089314072287798,0.4912110608052921,0.08694853978404503
6193,0.47843596560593493,0.606495429149261,0.18826673932532234
6215,0.5491274935947048,0.5794060784690415,0.2309596859514632
6245,0.13043740095863376,0.5722242427153584,0.05579795797331999
6292,0.0908415653921798,0.6668072094596824,0.030267754670071128
6295,0.5483373348460066,0.617412233836705,0.20978715604266837
6301,0.67099228753644,0.7965654987257771,0.13650298137382566
6303,0.09020632759856917,0.52846345937368,0.04253557965843384
6325,0.03294579167143363,0.5739780456834079,0.014035630554371459
6331,0.03332167206538561,0.7069410234943561,0.009765215110938613
6334,0.06765287245357299,0.37912705318717665,0.042003838280601946
6350,0.8041437039046114,0.7829462950323394,0.17454237025891337
6358,0.47781976786851577,0.7040227610354787,0.1414237756163918
6397,0.5423890635563156,0.6159311597489255,0.20831473860494043
6442,0.6832581351286007,0.6288665797416844,0.253579928609596
6444,0.0008661713620533584,0.45422290351311917,0.00047273649104156887
6449,0.7366619885396077,0.6787123828882051,0.2366803749147269
6451,0.6281916136018132,0.6173904034232296,0.2403521398531002
6460,0.006788582373787655,0.49988974049413143,0.0033950396926319096
6461,0.11374591088506691,0.6711210553527258,0.0374086351298237
6464,0.6131445300707643,0.5904894177673362,0.25108917350205173
6477,0.14997855333815158,0.45027920978547276,0.08244632885628031
6487,0.1436679764805261,0.6533115211071726,0.049808032231644095
6505,0.5511137654557191,0.5026939034911996,0.27407223543105025
6524,0.0005659620926684594,0.6022542406894845,0.00022510902228938472
6593,0.45661964309791114,0.5551636830009758,0.20312100030508368
6595,0.20540233303209776,0.6173663326918216,0.07859384796172736
6596,0.012857629221167621,0.39623388105183766,0.007763000893738858
6600,0.09505421329049468,0.9002432063728291,0.009482303538612968
6605,0.14599102195193459,0.5648487859798909,0.06352817043842074
6615,0.45715683733114654,0.5192930967058391,0.2197584475932079
6616,0.6494342276358065,0.8044891466997187,0.12697144000748564
6625,0.6702008711590342,0.4794940671605187,0.3488435296324661
6626,0.001922203144028356,0.7083776071525698,0.0005605574804004027
6635,0.08354950710588238,0.5319448461848884,0.03910577739962054
6664,0.05319824077593549,0.5497456847900672,0.023952737470941957
6665,0.031803505328786286,0.5132420343911208,0.015480609553071161
6669,0.8898691671211831,0.423081072407702,0.5133823655930044
6675,0.790926965276672,0.4269174804958569,0.4532664180045211
6681,0.02314826547701765,0.630800772621189,0.008546321729274518
6733,0.11610959758271311,0.42378921048444756,0.0669036028934682
6751,0.6678582703650902,0.7238069972150913,0.1844577811268696
6759,0.42287980466965414,0.6685929483602242,0.14014534926357436
6761,0.47615272855181356,0.47845803630967576,0.24833362906541875
6762,0.0017005304086884498,0.7701720873081508,0.0003908293542978837
6769,0.8699284008349236,0.6124567640775632,0.33713486748039695
6774,0.5843491848680822,0.6809590226979386,0.18643133502597586
6778,0.9467920246496635,0.5716110510345108,0.40559524032857686
6799,0.04065713284742756,0.4373152079072819,0.022877150343340792
6821,0.40309411882885626,0.7841553939584607,0.08700569127627591
6871,0.0788261449746207,0.39036404659027363,0.048055252045216205
6889,0.056402193039997606,0.8392635847984631,0.00906588631875429
6893,0.8174941120984898,0.5913183725670264,0.3340948241492846
6896,0.020054708917150776,0.7293332569496063,0.005428142745428889
6907,0.9298751483392913,0.523810763727714,0.44279653671626584
6909,0.0006289250725756146,0.5234050020878108,0.00029974254365109845
6943,0.0037840350748130636,0.7418756890073642,0.000976751446458089
6951,0.5265308143387155,0.5256975417954914,0.24973485956127447
6956,0.43069131157735974,0.48939026064816216,0.21991517834561683
6969,0.07018528847702066,0.7327500142243926,0.018757017347140675
7031,0.9646490463486477,0.7020890602747794,0.28737950390276357
7057,0.33157416601408696,0.6649545594411563,0.11109241253012093
7070,0.892291401450143,0.8104687181371502,0.16911713311204435
7073,0.3607675725379694,0.7793902235671374,0.07958885352182798
7080,0.3441953417963758,0.5363052731543515,0.1596015649958151
7085,0.5552559173524925,0.5795174733967198,0.2334754110397982
7088,0.6518737270442223,0.6786857439123778,0.20945632166828
7099,0.4234549382206819,0.3703057723202255,0.26664713028005893
7102,0.0010404904836145423,0.7857610360785047,0.00022291360317975515
7107,0.9643435452773225,0.6997944699866083,0.28950126512497176
7111,0.7853154714090188,0.5546165751666619,0.34976649423075623
7112,0.20355716745214214,0.5651348906330816,0.08851990988649591
7123,0.7698505987038216,0.8328419763482556,0.12868670458644296
7126,0.9396326289879536,0.38114502035704634,0.5814963314841951
7133,0.8340053888656128,0.7113249351040143,0.24075655975438257
7189,0.00460498169567336,0.8011256194065747,0.000915812882371101
7194,0.6942579276209055,0.6361315575540182,0.2526185507791941
7201,0.21876267225499846,0.6617447556841304,0.07399762115080702
7209,0.9490932449946201,0.5799058726536312,0.3987084985263483
7210,0.11567737719162574,0.45435239964751284,0.06311908327968012
7211,0.9058003584780836,0.5247760284105748,0.43045804382307995
7212,0.028064017967675214,0.42456655942197497,0.016148974415582863
7213,0.27466495474627073,0.5878534972805864,0.11320220051826146
7214,0.8424004789169754,0.4942195325095278,0.42606970804082556
7219,0.901498323399241,0.40339113445475505,0.5378418920141615
7231,0.001266991003934459,0.5634911918272558,0.0005530527330930193
7262,0.019027607726696094,0.8449505550616158,0.0029502200165295407
7341,0.03433130387707639,0.6346917782383527,0.012541507570093525
7344,0.4439118840978987,0.7042959631392369,0.13126653613821582
7356,0.7499117098505254,0.688082084862608,0.23391089707369267
7365,0.03452523804414631,0.4661283074450186,0.018432047270492025
7372,0.011187915221163691,0.8064336465641918,0.002165603951909629
7383,0.8186019441680069,0.739633267696879,0.21313671326000588
7402,0.37460728791678566,0.6050646347694747,0.14794566607143228
7409,0.9342040560905154,0.5920927904870207,0.38106856963558894
7423,0.8816092990006771,0.46870167070056445,0.4683975476539063
7480,0.9771932818798688,0.6655431010743268,0.32682903470854213
7487,0.968794469552127,0.5017278348346615,0.4827233179439439
7491,0.22721225279819612,0.7542582079290121,0.05583554618311505
7497,0.9366041588504306,0.74486517544313,0.2389603377475394
7499,0.6485840289608962,0.5000425519704552,0.32426441595201
7501,0.5217633574712413,0.5892500668092996,0.2143142642226679
7504,0.831704089919575,0.7903959277720584,0.17432856413577708
7509,0.9122921257557866,0.5441959239016847,0.41582646951188434
7520,0.9483303190372092,0.5931386314036641,0.38583897148487883
7521,0.4339288746266057,0.46214881748615166,0.2333891583448233
7524,0.8762416330212408,0.7408084184016698,0.22711445472507907
7525,0.9529594930181103,0.7498204573419983,0.238410970134872
7527,0.06140299168851182,0.5466613978219146,0.027836346421622547
7534,0.006570831751138151,0.5760514471162612,0.002785694612137542
7544,0.01014287761341126,0.48448538958747983,0.005228801601339578
7548,0.010881319247324939,0.6771946664685616,0.0035125478888947867
7551,0.48005182429198723,0.7241687882520119,0.1324132763962911
7558,0.7577736985151691,0.3792708111535848,0.4703722532084689
7564,0.42586043338981117,0.403438416630668,0.2540519744373757
7566,0.8357128489848968,0.3941113751380213,0.5063489088509456
7573,0.9473004471614963,0.5155087457039044,0.45895878184052563
7642,0.3684164382519344,0.7799326198585617,0.08107644036714319
7649,0.07632200316867221,0.49253317108197636,0.03873088492467744
7651,0.6442118677327451,0.632427237791037,0.2367947356703202
7659,0.237719585485901,0.6061595368229549,0.09362359165402243
7676,0.8533936246435265,0.5685042252612307,0.368235743222685
7684,0.2378510338449943,0.5696392891097743,0.10236174001150686
7688,0.6133498930518385,0.3497117726815103,0.3988542146786653
7717,0.5473331073954766,0.595857922912195,0.22120033888173057
7831,0.8721025427457785,0.7452901887664454,0.22213307403908025
7832,0.5798154462462637,0.6244399064934851,0.21775554320876844
7836,0.9351447031803286,0.4824971269945656,0.48394007057163424
7838,0.30614962267452717,0.6619246026620401,0.10350165533055726
7841,0.9015538334051356,0.5060035316167668,0.44536440975950276
7860,0.547972378596711,0.5467025714132226,0.24839447015446914
7878,0.05455763271908043,0.6020211605665868,0.02171278335177404
7885,0.9088251792609867,0.5870473561964576,0.3753017605310528
7889,0.48551300892667415,0.6808236993171839,0.15496424612259893
7997,0.004681318914398935,0.7352891145489933,0.0012391960749090877
8011,0.6894648431531489,0.6185377940711854,0.2630047799795644
8013,0.535440560777933,0.7182401343933499,0.15086566044513977
8017,0.13377662725780504,0.44790053307482697,0.07385800459608174
8028,0.6477223085995498,0.7513533639434444,0.16105397313206424
8033,0.14480227488875197,0.5222114852630197,0.06918486384963274
8036,0.04959321352083723,0.7315978226460153,0.013310926490973788
8043,0.31042653919333485,0.3920167147075019,0.18873414714074416
8054,0.01650425350089546,0.8183740820958566,0.0029976001914228103
8059,0.5437247223388466,0.5657192177463795,0.23612919774794694
8063,0.08859856355169327,0.5761965223473344,0.037548379348238306
8171,0.6062045695628621,0.7129509995498905,0.17401041576130843
8174,0.1499408304380936,0.8080332511736099,0.02878365373552986
8182,0.14080890595305318,0.6355005977715626,0.051324762048328136
8184,0.4143502795510945,0.6739902990095489,0.13508221074176216
8187,0.7287505678319761,0.4305664880047465,0.41497499520909736
8191,0.9837286176049996,0.5864941334149495,0.40677755450726916
8192,0.15453571431962576,0.4608049256745091,0.08332489596851345
8200,0.9053629162830488,0.4558530495152419,0.49265046997740825
8203,0.28645657580801165,0.7614807365168111,0.0683254114816432
8204,0.9183303147402309,0.627465491296193,0.34210973262956434
8217,0.5537627230198504,0.7114333159133868,0.15979747275261189
8221,0.2509462152611167,0.47019353469787334,0.13295292728843883
8222,0.08934817087436131,0.7694286851243848,0.020601125240232634
8231,0.5297445754308296,0.6596351033382869,0.18030645767361742
8241,0.3263210252896176,0.4749264924005726,0.17134252535226097
8246,0.8964155583296891,0.2897711052055044,0.6366602312690858
8254,0.03171765377801161,0.6662417502953536,0.010586028609687121
8258,0.5569892203189521,0.5660563709286363,0.24170192361883547
8260,0.883311413594072,0.5490374274337634,0.39834038745150174
8369,0.8616394167056707,0.35511076951510434,0.5556619803947743
8374,0.07593663833430953,0.784797802838707,0.016341731414585874
8381,0.2577638851647829,0.6239322249699771,0.09693669077701422
8382,0.8563453231570702,0.4799817337984661,0.4453152102179319
8385,0.9765404867946854,0.578073535300268,0.41202827522943697
8386,0.8158352487682498,0.43031783585651984,0.464766790102831
8390,0.6842291504817392,0.6363675647356373,0.24880791226854093
8395,0.07007809241516416,0.6116808127704387,0.02721266788925463
8400,0.9335146058347837,0.6062914549144249,0.3675326772793468
8402,0.0002395630008259486,0.3502086639164878,0.00015566596238286866
8403,0.5029225780732363,0.6287326534404157,0.18671873108615578
8415,0.23857564205495996,0.689327260396142,0.07411894831996381
8426,0.8094296385050647,0.39598068364557054,0.48891113688684207
8432,0.8787992493140234,0.8482699785148968,0.1333402289795093
8439,0.17367373593652013,0.6579736599488525,0.059400992265377435
8440,0.8210918467375597,0.7114374067621801,0.23693639258102078
8441,0.3488596223284066,0.6139394007982782,0.13468095483339101
8448,0.2746069402546216,0.7462205378193225,0.06968960160889931
8450,0.22088572536693618,0.23916951255531693,0.16805659410049845
8463,0.95814659572662,0.45360275496993807,0.5235286602399577
8532,0.8459702343087624,0.36405222337815807,0.5379928895969162
8544,0.8194932085712351,0.45881662811141954,0.4434960978543728
8546,0.9219163289806276,0.37576622914086155,0.5754913064561912
8549,0.31019599881679416,0.785208937580645,0.0666273281440922
8552,0.1734837651198189,0.7430626914489085,0.044574451687195996
8554,0.7296066736820859,0.6234340484327097,0.27474503134494016
8571,0.8401892683000324,0.3897551205037227,0.5127211987878187
8603,0.18248557476336325,0.6986697064665095,0.05498843180907197
8610,0.9517567102100789,0.2898390036653259,0.6759004935910014
8613,0.020745967704036694,0.4853211185555001,0.010677511452397325
8627,0.4349902112238909,0.41121677903782233,0.2561149376514205
8629,0.11628848429086258,0.8224312805006908,0.020649197248044
8694,0.5933863838815139,0.7038016344098644,0.17576007706914518
8712,0.058779580350524774,0.49527780205778366,0.02966735898863797
8716,0.6190894403427967,0.5949999882245033,0.25073123062891833
8720,0.01343815682152849,0.6206923293501349,0.005097195961801568
8733,0.0033671720207038014,0.5947485262293893,0.0013645514238293808
8734,0.9677321091951043,0.37288686486829786,0.6068775169649565
8769,0.010200077540652885,0.46943762894586766,0.005411777324904797
8780,0.25504129992628866,0.5858431639219565,0.10562709784670307
8785,0.107213789226563,0.5377587902841643,0.04955863163030511
8790,0.8594100552120508,0.543782135476764,0.39207822013863813
8794,0.14390728813280595,0.6496156269257113,0.050422864933234245
8870,0.004906232466816207,0.43136149505657373,0.0027898726948352662
8873,0.4200649974701647,0.7593348533060442,0.10109500423715334
8881,0.49004707470943576,0.5247238299472526,0.2329076968134532
8886,0.20987323356960053,0.5970316485813199,0.08457227093844952
8906,0.60351028614849,0.653550647540718,0.20908574783866035
8915,0.006255838141429715,0.7157331322514762,0.0017783275136059719
8916,0.020040406097273755,0.4120910716969549,0.011781933671406024
8928,0.6069693899652271,0.5163396351370673,0.2935670366112134
8937,0.8977562916439918,0.7989256603578582,0.18051575350189375
8958,0.001285888489717002,0.6552748499534091,0.0004432781025608776
8962,0.02812625292942028,0.5715788465471071,0.012049881722330045
8967,0.6546700774698173,0.542018621960116,0.2998267042411046
8969,0.502130739105805,0.6144274575775903,0.19360782570546892
8975,0.14755274249136996,0.7723145262915532,0.03359561607112804
9063,0.7720720329613926,0.5533554010507928,0.34484180352194027
9064,0.02755574574984354,0.44138301783498857,0.015393107532083939
9072,0.9508344054173717,0.5792141992004297,0.40009761671133204
9079,0.220599548548722,0.6186635788138914,0.08412264235884086
9088,0.7391019939919936,0.4519414303671328,0.40507118164005207
9089,0.7742332889556138,0.617324971171302,0.29627974617122715
9100,0.5049422773411765,0.5993270006969562,0.20231673673719855
9119,0.2376234381688782,0.517499825377218,0.1146533504109496
9123,0.1356293366652177,0.6230188344238489,0.05112970542237398
9126,0.6479260771837075,0.6399347581043043,0.23329565971168084
9139,0.004313264375171433,0.5257215168718715,0.002045688485186902
9149,0.11723094804649947,0.2346437534181283,0.08972343838010324
9153,0.04843392107888023,0.562915977938219,0.021169693029379846
9158,0.7076444081981077,0.4194767733708588,0.41080401515323456
9163,0.021965040085818344,0.5437124607362114,0.010022374090588529
9168,0.8799141283037945,0.4710658514964361,0.4654166302106232
9170,0.9250538362530947,0.5798894504703099,0.38862487549283553
9176,0.36163812590282574,0.43985801227572374,0.2025686986800909
9186,0.5148259322530101,0.46109058490739624,0.2774445420249741
9290,0.9100121477227703,0.4286179002594441,0.5199646517552494
9294,0.7237999713699466,0.5357491786402536,0.3360247312086586
9299,0.9503085277178691,0.44494195550194293,0.5274763930649081
9309,0.2688145940538681,0.679204271881602,0.08623457342836219
9315,0.33431081882956415,0.6891466971604147,0.10392162220817626
9318,0.8145303180501441,0.5966683204407305,0.3285258812311106
9325,0.42581902972320507,0.7510270262535409,0.10601743010801823
9349,0.0817997494435797,0.6572072478114336,0.028040361240099843
9364,0.8591341708322127,0.38062580451343137,0.5321255358742218
9369,0.015910424369760867,0.35225044121822535,0.010305970365543397
9374,0.06479906353491505,0.4160365267273588,0.03784028620666354
9386,0.01541622163819134,0.6726493229859177,0.00504651059026108
9477,0.010935820310596922,0.7716287839860879,0.002497426582440657
9485,0.01800296451868677,0.5925429683197898,0.007335434484228256
9489,0.9356648192953375,0.434672089913754,0.5289574368334582
9504,0.3766120348147439,0.6743600187928176,0.12263993593947194
9537,0.5874990292912149,0.752668189544567,0.1453071985554056
9543,0.058734642593985864,0.620696777112563,0.02227823923104057
9553,0.3080965403040241,0.6815795375262753,0.09810424285016192
9558,0.00404483669579514,0.6492407021915408,0.0014187640791669914
9666,0.9696930180001532,0.5925005572486127,0.39514936447497334
9719,0.04928364774973992,0.5389397816964563,0.02272272939029004
9721,0.9747006562128898,0.5275826089364182,0.4604655410760546
9746,0.31789572583585524,0.5816773301545336,0.13298298876411738
9753,0.8850868532042677,0.2791424218822863,0.6380215654246569
9756,0.005032977173049513,0.7454014558462855,0.0012813886610172837
9762,0.968104182564706,0.5813019427245995,0.4053433404800321
9768,0.48086670790046215,0.6461139475007407,0.17017202103720894
9779,0.8208090928678033,0.5777897052947312,0.3465540489964796
9880,0.034426356590482654,0.7387907350913488,0.008992483298483072
9911,0.9614288929621503,0.5812550865561659,0.4025934585658369
9923,0.9731855101415526,0.5748051649590562,0.4137934524488742
9931,0.6579380975202199,0.5311237369371726,0.3084915564919468
9935,0.6157472919844178,0.6076690920920751,0.24157669410609278
9938,0.43164856894422887,0.30454232565537687,0.3001933098921381
9961,0.3390435750646209,0.5289674547403529,0.1597005581166186
9971,0.8648014800116567,0.3122220798350649,0.5947913632779749
9973,0.9734026000929326,0.4718221793666876,0.5141296639158849
9976,0.8224220197023294,0.35048395527506393,0.5341762973317504
9984,0.015853652554265296,0.5030868998072637,0.00787788764011846
9999,0.23813479909500113,0.587475924748228,0.09823633778193186
10005,0.841567055935531,0.6155552630335577,0.3235360254587585
10111,0.060935099526134184,0.4976001934476157,0.030613782214180096
10132,0.07336355395943428,0.5473015117264164,0.033211569971813376
10135,0.5039124867663238,0.5129924708661809,0.24540917507974566
10141,0.47946094040172504,0.6292465174048876,0.1777618134222672
10154,0.8053658388684946,0.5167055853623395,0.3892288116651175
10176,0.027722204209260082,0.7588658104668495,0.006684771244072422
10184,0.0025172577846084288,0.6407128773236068,0.0009044183064667142
10199,0.49540879958352757,0.662753019824229,0.16707512161204846
10200,0.025878298789831944,0.5234915943005112,0.012331226898557831
10220,0.8295234544883272,0.4543970217380853,0.4525904673069432
10234,0.8782114592201686,0.668658514598405,0.290987889394713
10307,0.664370903298944,0.5894090385472553,0.2727846879467419
10312,0.018180492268719872,0.47819325634669174,0.009486703468754864
10328,0.03465838071616456,0.665816265596964,0.01158226709609004
10358,0.11461629388657935,0.4288261071675806,0.06546583476122217
10360,0.920560353154073,0.566369777643096,0.3991827906311507
10361,0.8658219638981008,0.5179036120286561,0.41740964142152975
10374,0.8157832943040939,0.4867982212869223,0.4186614376812752
10379,0.9426811514365805,0.4467505628204097,0.5215378164720963
10381,0.221516397506768,0.6686369898151505,0.07340234028314632
10387,0.3978508797988728,0.6002729625005278,0.15903175354856205
10391,0.6036327944129996,0.4892691654039538,0.3082938808800948
10396,0.8973045237905745,0.6186797596505619,0.34216037667845994
10404,0.3863369681261918,0.3314282084822734,0.2582939989096549
10413,0.36457804186338205,0.6037010601240294,0.14448189149251556
10508,0.9470867871432394,0.4549215847716502,0.5162365650197465
10512,0.12971307823953604,0.6439788077100345,0.046180604770441204
10548,0.7895240047568837,0.7930490141286148,0.16339277115356127
10552,0.29840140468661547,0.4795779412667703,0.15529467335589606
10561,0.43523600311918487,0.5246802775350994,0.20687625620934358
10567,0.9208253512816292,0.6457657735459321,0.32618785601054323
10573,0.9377856968658784,0.49199330103125766,0.4764014162049366
10574,0.0483010995722839,0.7379137982981792,0.01265905172492133
10580,0.4927052854442845,0.6653877784063961,0.1648652101534228
10589,0.7661731686583284,0.6587662846460316,0.26144411694580405
10592,0.40095004706554527,0.6241621040316158,0.15069222207753916
10613,0.883094725628253,0.5606891459818728,0.3879530980946515
10617,0.9243844094562033,0.5301454949098285,0.4343261792181148
10619,0.5988157096363703,0.6726419611308668,0.1960271363505905
10625,0.8582927250231649,0.50655125395436,0.42352346890277603
10632,0.8712451772781388,0.6378875075154679,0.3154887627093149
10752,0.7588990983186799,0.5403591378364528,0.34882103584633656
10759,0.49569594980830245,0.7222831865976299,0.13766309959722295
10760,0.9585716047022166,0.47881856795183536,0.49958972165940846
10770,0.06603106782732615,0.5615071003195384,0.02895415440060148
10789,0.028962024149419063,0.5731223525814672,0.012363240733382744
10790,0.0013150978656417678,0.37895137511571,0.0008167397210450847
10816,0.11765352826442343,0.6843487697965097,0.037137480934446375
10833,0.036781039303758534,0.7441623340364829,0.009409975247185969
10842,0.5969749256228907,0.19197077478844485,0.48237318662179013
10844,0.9749384483676382,0.35119963501122564,0.632540421142513
10863,0.9495403728212871,0.6632379638407677,0.3197691493666932
10866,0.8137937004301657,0.5593928179585846,0.3585633491095911
10867,0.01874993795146407,0.6015611741976736,0.00747070326124782
10869,0.07820460609404878,0.41676463894177984,0.045611691671678424
10954,0.9240356551475621,0.7246395940345521,0.25444283312798127
10972,0.27107979116659797,0.5846976593182792,0.1125800717830002
10990,0.033803826853468055,0.7464230098119873,0.00857187267033915
11001,0.7483569086181194,0.3787772666056936,0.46489632432626127
11011,0.3065549800954962,0.480882182530987,0.1591381522014307
11016,0.09439674969245404,0.4629137175937856,0.0506991993635501
11033,0.7694033187459498,0.49644831072557616,0.387434340887871
11037,0.9090590328935891,0.5237671694488397,0.4329237563730143
11038,0.819694238913555,0.5773320437206453,0.3464584887355534
11040,0.08224438455794802,0.27957527837170315,0.0592508878506503
11050,0.7412363430479971,0.6347786886856445,0.270715309201847
11070,0.3690661979435603,0.6396422024488668,0.13299588224151196
11074,0.5079831287690559,0.1818526697988852,0.41560504058961223
11170,0.10587296178585637,0.5617812694327158,0.04639551491519657
11172,0.09022283163043177,0.7838888686917218,0.019498158213488916
11179,0.3724928663350755,0.7429873359123395,0.0957353839304266
11210,0.27095574030787706,0.6113597482928663,0.10530430711474609
11230,0.398071375617978,0.3402877438482323,0.262612565318374
11232,0.13199818822698262,0.7377440272550766,0.034617313254034825
11236,0.6347245372691959,0.4361907225630336,0.35786358272925817
11238,0.9105287883352782,0.4001334260499466,0.5461957847415766
11328,0.9600527315828176,0.5142057078013956,0.4663881372126116
11366,0.11000200697469598,0.5966616750721336,0.04436802523187735
11374,0.8857291132634012,0.6463922868872622,0.3132006461784444
11384,0.7969936407379867,0.5472164251892436,0.3608656297547853
11390,0.6477504405710537,0.5162595601805464,0.31334308301508634
11391,0.16359305902692567,0.41049804997626166,0.09643842730672122
11417,0.6329438596024641,0.4923177622901465,0.32133435498769036
11426,0.010584063200707261,0.5247486854223381,0.005030089949709182
11507,0.3686286825898626,0.5827326045928327,0.15381673025664735
11508,0.18658977586596837,0.6545250516297562,0.0644620931837108
11510,0.6020056072449602,0.615452560797337,0.23149971465169356
11511,0.9716971712545224,0.6972876750416077,0.29414470986594954
11513,0.27993609033932176,0.7712852758678592,0.06402550567658802
11522,0.7513721986117491,0.35080326820131047,0.4877883757031434
11531,0.678902023227653,0.6466253344414722,0.23990677540507976
11559,0.8331519565886966,0.523373474922319,0.39710232193054135
11566,0.16895509625517868,0.6501490157604068,0.059109106717169464
11576,0.29623674672191636,0.23231058258285645,0.22741781550849788
11582,0.6841084199555143,0.6061535546393189,0.2694336694407914
11597,0.6949615085887115,0.8084410269686664,0.13312611288155993
11598,0.9428402928161407,0.5466834046786317,0.4274051514712148
11600,0.9855534172287984,0.4593532937327048,0.5328362088752273
11612,0.732946368470468,0.7476628738674357,0.18494958022913746
11713,0.0014845198796622494,0.5021527239176697,0.0007390641783799196
11717,0.6439367886142484,0.7331038879787829,0.17186422526857123
11719,0.8912871031404471,0.40151676545518017,0.5334203883955773
11723,0.828491762698137,0.8433786503530051,0.12975949804520007
11732,0.5659383120557429,0.6590517085401095,0.19295570056709987
11773,0.8774503411972079,0.6358902684653729,0.31948820816828233
11778,0.12663024829974567,0.472534379439069,0.06679310250121012
11792,0.6197207183594775,0.6983067490246218,0.18696555821866753
11793,0.898609228363746,0.4131893355086308,0.5273134784142063
11797,0.8011469303083801,0.46422216749683076,0.4292367658371915
11810,0.2849174385372093,0.6318996320290083,0.10487821396689914
11823,0.003034077153850845,0.7720652641774272,0.000691571574528296
11825,0.33184967129269094,0.6460107403152874,0.11747121946751489
11918,0.9710770967936861,0.6031934920832793,0.38532971169660996
11927,0.11847911063923522,0.6857292187646453,0.037234522660662475
11940,0.8246673584151734,0.6537443742568422,0.28554571221800285
11958,0.21766183961222862,0.7301660884224546,0.05873254558373198
11972,0.6583992048912377,0.6971259199566819,0.1994120534826857
11993,0.014889529441641569,0.6391917429912845,0.0053722651655186485
11999,0.8194500782545949,0.7631677614066931,0.19407219644849627
12006,0.5884395366238373,0.5823691655785629,0.24575049468677698
12118,0.034817996767584014,0.7331617962164443,0.009290771716803767
12131,0.34976306434030346,0.522041374262097,0.1671722735659692
12145,0.9738036638263431,0.6016925709918627,0.38787323369737514
12152,0.9698713669566591,0.6693969916421854,0.32064239163597746
12169,0.8320315364305856,0.35245591376641566,0.5387771009754688
12170,0.695958291487165,0.5448494836365602,0.31676577573780057
12173,0.5141761131448424,0.5960924121489377,0.20767963359096817
12189,0.38615869028056504,0.826354205652469,0.06705483251797092
12195,0.1765861579219784,0.40153439685160597,0.10568074150843436
12197,0.43727724421902836,0.5635009192574476,0.19087111513124247
12210,0.07624750216036313,0.415715702973528,0.04455021819979218
12212,0.939311758324555,0.4642621881546247,0.5032248260454291
12226,0.034711698604457886,0.6058582524548655,0.013681329548221039
12229,0.7831414995930386,0.667370814021703,0.26049571951545525
12233,0.6355279324329783,0.5866644265106342,0.262686302420696
12238,0.9695096025889015,0.18193880737267465,0.793118181757521
12249,0.016011840242733166,0.5898943968827064,0.006566545399763838
12257,0.7916200130938562,0.6379213069858617,0.2866287397048585
12354,0.3185215773163962,0.5992216586463008,0.12765654944222932
12358,0.042481752494258895,0.5203636782969429,0.020375791505846008
12368,0.0842934864964141,0.5159913567270242,0.040798776035878295
12373,0.9483327015577108,0.38306098357950197,0.5850634441384077
12374,0.2369724133237585,0.45792676047783315,0.12845640376779566
12377,0.0028219217349744197,0.5885275720982135,0.0011611429876387462
12399,0.17680149462429928,0.4865547970324493,0.09077787929233967
12411,0.967203483170536,0.6235213892842,0.364131423623526
12414,0.36855245221893873,0.5726121035670003,0.15751485727907585
12417,0.03494280680223083,0.5203083436340997,0.016761772873035753
12426,0.8204157159958199,0.7842468483253956,0.1770072764094753
12438,0.5404858887190387,0.4599045354635385,0.29191397714311146
12447,0.7168297279551566,0.46885124482160023,0.3807432176782524
12456,0.15699778040474643,0.5799240470543467,0.06595099221387626
12567,0.6348177286644029,0.5635046852601545,0.2770949642758024
12574,0.010473381474458754,0.6343550812953723,0.0038295387177910245
12586,0.005783955577030708,0.8453786822947713,0.0008943228328689945
12599,0.6862415919367604,0.7452054081455718,0.17485064633105993
12600,0.7754437485274194,0.43006134441013577,0.44195536752128217
12640,0.9757924736592767,0.40919479407617015,0.5765032733391923
12648,0.044557145146783994,0.6752038346691128,0.014471989881767192
12649,0.48553305469056984,0.6785844104628795,0.15605789301312845
12778,0.25733169921101295,0.2350533726239745,0.19684501542840618
12788,0.8775451982392536,0.6656146662424719,0.29343824400054896
12794,0.7614619490933542,0.7748689864437286,0.17142870038392077
12804,0.950727160115309,0.41284191253600183,0.5582271410333831
12820,0.9427422981119197,0.8314321443965033,0.15891604757943875
12840,0.9400510144227818,0.81782178340626,0.17125681731467857
12844,0.447242870540555,0.6997083688064579,0.13430329113430542
12846,0.07525745753276514,0.4964465600503099,0.03789615162249161
12861,0.06254240566775349,0.49369286311973304,0.03166566634724445
12862,0.8996167194424838,0.2909932593308533,0.6378343181033856
12863,0.9440470681422075,0.5639741799108049,0.4116288970895063
12865,0.44529567023377026,0.47719368037699117,0.23280339049897844
12874,0.8780696730769599,0.29909792467267377,0.6154408561416281
12877,0.757184686895587,0.37552178731223435,0.4728453399471017
12878,0.59079205183087,0.4793614224377816,0.3075891335002886
12892,0.6641421221863576,0.49735145776434936,0.333830069554264
12976,0.6824257268038568,0.6009939237301285,0.2722920115976222
12982,0.5816363254566828,0.6247237383183265,0.21827430587564908
12985,0.34799333758784246,0.3986921931230772,0.2092511106327262
12994,0.24338391836897466,0.5291521622492736,0.11459679170733102
12998,0.846009043997986,0.5923460861156769,0.3448788979673136
13003,0.9400115487846349,0.6160790076166711,0.360890166661187
13006,0.672142889683357,0.4903009100107452,0.3425906192143552
13009,0.7150259123944901,0.5605178341866911,0.3142411365917678
13017,0.0162489648114319,0.5720268169916822,0.00695412119093866
13018,0.9691060449874724,0.6443386091048925,0.3446736038851011
13034,0.019378574215616395,0.807466887839056,0.00373101720297445
13055,0.02417265579719019,0.46908971818263645,0.01283351150156037
13058,0.20073776126374565,0.39699375060471903,0.1210461245316566
13068,0.7409039278262787,0.4673422765760536,0.3946481994718055
13099,0.8007779419143157,0.5210454503087603,0.38353623857224883
13190,0.2618819488256906,0.7320156284502004,0.07018026947628947
13208,0.06389618956567722,0.81601569985199,0.011755895719365705
13211,0.6345999671522247,0.5455668726792494,0.28838324767063106
13213,0.6312869404316996,0.8065944112250023,0.12209442240015976
13215,0.0001758867966620281,0.43425851744257027,9.950645710585297e-05
13216,0.5525419432945151,0.49015990109741076,0.28170803901710445
13220,0.8812247425632195,0.45417340948911655,0.48099589670711307
13232,0.5661614810221371,0.7136745032877163,0.1621064672730256
13249,0.04073646843203316,0.7501765218753381,0.010176926230206015
13250,0.95989699381965,0.6723616007718793,0.31449911447895534
13255,0.680587177698033,0.26585777758978496,0.49964778317912983
13268,0.746697609326137,0.7223300405496397,0.20733549490326947
13272,0.5628062340048687,0.4776514132345523,0.29398104095522704
13274,0.9205947221917716,0.7082795854233132,0.26855627401489346
13275,0.3943167674947605,0.6995845708664826,0.11845884092147987
13311,0.003402146121534888,0.6934170422100647,0.0010430400207737227
13395,0.6633699822302701,0.6437024432464833,0.23635710389226902
13406,0.9740484543937995,0.5858842573673446,0.40336879905147843
13412,0.3454834195141414,0.619445097908905,0.13147540888730078
13426,0.1070677203348942,0.6484391078846591,0.037640823277691235
13431,0.6231637425883867,0.6253491195750668,0.23346884480963553
13439,0.8578988283447196,0.45325197981345217,0.46905448591783444
13460,0.6881533788440765,0.5268274426532723,0.3256152941144432
13462,0.06273160017913237,0.7043034002110939,0.018549520872286573
13480,0.5053919054178904,0.43642856777129546,0.28482443997315443
13494,0.9827095337176178,0.43398766048836884,0.5562257222398931
13497,0.9779695488626068,0.30201899093028833,0.682604172554573
13499,0.9593773601573248,0.2443131240491022,0.724988880155308
13503,0.8880776023280137,0.3220341247113257,0.6020863089865791
13507,0.8964170461985617,0.40963641135365797,0.5292119843175367
13602,0.036581018161688794,0.6342767131775813,0.01337853019740342
13606,0.91211963714055,0.6786734272492675,0.2930882769410147
13614,0.7497009434556491,0.597331625467886,0.30188086028647854
13628,0.22606396279422014,0.6693309755973755,0.07475235002975597
13629,0.9104371539233629,0.38408251520359193,0.5607541619096779
13651,0.9405950458511381,0.6644803793655973,0.3155880929545724
13661,0.6870233332661635,0.6016459859877578,0.27367850252664666
13670,0.8252530059272627,0.6424903062082427,0.295035949449783
13681,0.9459755768068324,0.34491093760153246,0.6196982536622374
13691,0.11518469827377331,0.8575702160073497,0.01640573169439213
13696,0.881157733626539,0.43109950518380613,0.501291070671254
13706,0.4185236085115658,0.3512575945530312,0.27151401252213864
13736,0.9671412953876399,0.49576014852977296,0.4876711831369866
13741,0.08937079501499245,0.6219743875020454,0.03378444952497167
13744,0.9226787756175914,0.5843237938656205,0.3835356129294348
13761,0.5593348187256908,0.18498034456985038,0.4558688712278977
13762,0.7806165012032152,0.3917078628638425,0.47484287980065365
13838,0.4657378218457878,0.7358138142962366,0.12304149869141758
13859,0.8640982082585253,0.4083749234376022,0.5112221686183809
13872,0.9489017196275283,0.5496681524599195,0.4273206645338243
13889,0.8347452235317574,0.6286148630443581,0.31001196916440965
13893,0.9580802719574217,0.5895330229631635,0.39326031298899317
13903,0.014330148424764322,0.8153286469229771,0.002646367899395795
13907,0.08850745580977826,0.7280346412230716,0.02407096197373948
13923,0.186360930869499,0.5176748764336833,0.08988655900956492
13930,0.35489285052209085,0.5475061681401129,0.16058682583241904
13931,0.2357029212170041,0.5599160279644119,0.10372907778957047
13937,0.09817982801201308,0.41270102323965957,0.0576609125299615
13938,0.26341269797274314,0.46022015511008046,0.14218486525376253
13944,0.9666351180506905,0.7122412402803625,0.27815772267171207
13949,0.9632524038149918,0.3258134279784738,0.6494118361195242
13954,0.7014740565897946,0.7400375536259252,0.18235691181902922
13955,0.8723604759046741,0.4641612336063514,0.4674445612593368
13975,0.929220284421607,0.2916142084759131,0.6582464466802372
13988,0.09464907230025288,0.747145732483133,0.02393242184763143
14070,0.10309209215194515,0.6910899529185306,0.03184618304038456
14089,0.32872885297593635,0.6781546081605606,0.1057998664949697
14110,0.3707946144360852,0.6878020438896918,0.11576132076365558
14111,0.8059485438538224,0.6100933931554333,0.31424466202536333
14145,0.11023363202007463,0.6462373111951838,0.03899654606014229
14150,0.7969609042893364,0.4667344858358693,0.42499176639456354
14152,0.9206575496863648,0.3934241006791123,0.5584486811675715
14161,0.06300560405054623,0.8309568194141913,0.010650667703434445
14168,0.6936071896529427,0.4300744205301903,0.39530447948737957
14231,0.16977524547823297,0.3464497316705826,0.11095665723799188
14331,0.9129905365571513,0.5284743551404596,0.4304984515007686
14344,0.885186981796827,0.32582906993169364,0.5967673308023238
14349,0.010028345863218324,0.4405333474958953,0.005610525090248143
14351,0.16452539085947526,0.629945677743505,0.06088333200848806
14404,0.6083062149224401,0.622501884055775,0.22963445005038394
14406,0.0842314486730773,0.5144979160277123,0.04089454386678382
14416,0.5563441724728588,0.22731610597179666,0.42987818160622693
14426,0.8603473433424064,0.3009733595535928,0.6014057130336339
14442,0.7728300503977015,0.4151186226929199,0.45201390430090777
14443,0.47457019828306934,0.670996145027538,0.15613542469017547
14449,0.8731531641076696,0.26187761814512583,0.6444938932152728
14451,0.7209804065272716,0.3405882730825641,0.4754229349417831
14553,0.8495346006175217,0.67835624111853,0.27324750224248806
14554,0.662238804526057,0.39384243028897753,0.40142106431984753
14561,0.4482913408074104,0.6995150609880569,0.1347047962020969
14579,0.8279787150186,0.6197344415615273,0.3148517884417169
14586,0.9118513155124897,0.44334578811736536,0.5075858753907485
14595,0.2565464167750505,0.7791176730461868,0.05666656950893593
14606,0.9144788717668793,0.5510312858895252,0.41057240313837357
14612,0.6858341120990727,0.5524632425431767,0.3069359746820985
14645,0.4607648360370421,0.6519199377261692,0.16038305282136506
14658,0.7119253457233241,0.40529857724774654,0.4233830159950508
14659,0.9267758143342686,0.2660375955847578,0.6802186050426738
14661,0.9278198693266836,0.6513653708363198,0.3234701360734025
14662,0.42489989467624145,0.2693780194479757,0.31044120258470204
14678,0.8038421475482208,0.4133613322512904,0.4715648865179499
14683,0.6609983915172251,0.42222148701678414,0.3819106677351198
14791,0.28689089793956346,0.5532007912982685,0.12818262618312617
14803,0.7067687253752382,0.40924139739090903,0.41752970457048405
14823,0.5804237943467779,0.6264779548492616,0.21680108271856008
14841,0.5894807184878434,0.4690988275549313,0.3129560045789576
14853,0.46406696185812035,0.5335275075897263,0.21647447234322081
14862,0.8426390637792971,0.5475025690289409,0.38129201159599035
14865,0.9251555472638009,0.4359035121849882,0.5218769948940853
14875,0.11062666605710669,0.4382036397481698,0.06214965833767723
14882,0.8889676253529819,0.5223397465195067,0.4246245012620576
14893,0.7944242561207173,0.46028403031321646,0.4287634577348946
14898,0.8079428665231898,0.7963891317492674,0.16450594854977243
14900,0.9683661965917614,0.4615546442584354,0.5214122812119568
14903,0.9690237774621019,0.30967630914371025,0.6689400705851422
14908,0.41805079549324475,0.44617081498954864,0.23152873136099458
14910,0.8960039271843856,0.38920275547963207,0.5472767298036512
14912,0.741360684302065,0.3270551959315765,0.49889482044168554
14914,0.9364416068527888,0.588411717006328,0.38542839308837457
14922,0.8433440544748031,0.49855396536771335,0.42289153194710516
14925,0.6776014831575842,0.3883950200348658,0.4144244415309395
15014,0.050032842280674505,0.6571263905812518,0.017154941222253823
15059,0.3733804036853424,0.7491018976868359,0.09368043472557556
15071,0.8997742559424119,0.6865946954792999,0.281994024683518
15073,0.9515409948904756,0.3526173883689016,0.6160110943462497
15078,0.04075574510026414,0.6060217640826153,0.01605687655810066
15086,0.02142406840914013,0.760914638413203,0.0051221811422595435
15095,0.9514298889975834,0.3693065550961561,0.6000605942763677
15111,0.02950594191485867,0.508340460324611,0.014506877819548179
15121,0.9765484288926781,0.30354834660887975,0.6801187679188065
15122,0.850142852841856,0.6976884451447529,0.25700800769169696
15132,0.9597801304470861,0.5730948210420098,0.4097351083488365
15143,0.7414824585784848,0.7483971569230055,0.18655909467006662
15149,0.9335697653319358,0.5129732067358113,0.4546734890980139
15154,0.6250371271894126,0.5362392924162724,0.28986766037146233
15164,0.3043129668894644,0.2592534549888464,0.22541877882546435
15271,0.8421273488407246,0.36011916392980875,0.5388611520537765
15278,0.19305386703234728,0.46719111800151863,0.10286081505898842
15280,0.9844839065753415,0.43636637387979965,0.5548882341200403
15282,0.9723078805130407,0.4679354248617721,0.5173305793487218
15286,0.8184119450040224,0.6017018762142119,0.32597194217897973
15293,0.7952099824124872,0.33546531138458563,0.5284446180463513
15301,0.1765564414052555,0.3780442456758827,0.1098102946949875
15312,0.708669920933781,0.5187965106919614,0.34101443872098725
15313,0.8692973718552004,0.4209395622292458,0.5033757166994385
15314,0.008226467658412728,0.5787683899804825,0.0034652482165266835
15336,0.7797884460529065,0.6470403031538913,0.2752338935229321
15340,0.189337105291855,0.33550307417258074,0.12581392441150005
15348,0.2877988603891003,0.3131893977588258,0.1976633086281616
15350,0.6418563213385896,0.6664460390643278,0.21409371833408622
15351,0.9764439260271058,0.7209480151482061,0.27247861565434217
15354,0.05303238414313349,0.718373805338216,0.014935308540072618
15509,0.269324386511996,0.5907733318327767,0.11021472134848556
15514,0.7111818181010849,0.7184824650555344,0.20021015232914077
15516,0.9303176779517902,0.6174969163914455,0.35584938055210985
15519,0.025680984706915932,0.7109666660313679,0.007422660629437365
15523,0.9094416946114591,0.6212706914616339,0.34443222415615776
15525,0.054254509015823404,0.43135187338894776,0.030851724912050422
15530,0.7612940578146362,0.7878072740738364,0.16154106135907803
15539,0.5164047178146682,0.6317501511900357,0.19016595926000382
15551,0.9031134825687344,0.6676566370121229,0.30014377195658676
15553,0.6481935856904082,0.6856555065811011,0.20375608433123102
15579,0.688710818870123,0.5277210506996132,0.3252636219077907
15583,0.6261173865350103,0.4358593343622565,0.353218279207225
15626,0.8500441832089765,0.3926861432378156,0.5162436113229044
15634,0.8419208570776153,0.48299469760201574,0.4352775473085826
15732,0.06208642429984079,0.4838749062934899,0.032044361559657474
15748,0.44597355167262587,0.75944238136193,0.10728233556592914
15757,0.723829257443181,0.4447438686053952,0.4019106332781301
15773,0.9815272988772172,0.42377654563579165,0.5655790507118009
15793,0.8682901919678774,0.8803878828798608,0.1038580281359299
15796,0.8382591047937247,0.3594595443689832,0.5369388689214206
15798,0.028206705999104575,0.6462642130497007,0.009977721343868986
15800,0.8916811164819589,0.5383226319577612,0.41166899099035575
15810,0.9790218057851551,0.6396205248890702,0.35281936449100887
15820,0.8899326969429185,0.4140244847911802,0.5214787705923012
15827,0.9405249215633191,0.3876301729339909,0.5759490835690015
15856,0.9447643421316602,0.5136101481704393,0.4595237883832706
15968,0.8983148510395929,0.5956804256675605,0.36320627818883694
15979,0.8675597274757584,0.6545760595287938,0.2996758996588022
15983,0.9172745731302794,0.46976236673860716,0.4863734987074537
15992,0.354382997705882,0.8244431558586399,0.06221436069459949
15996,0.5973688431483721,0.6382539306050103,0.2160958309879557
15998,0.7222810051757874,0.7277489417720711,0.19664176799704033
16001,0.47522228780018083,0.6196443991972579,0.1807534587910914
16019,0.36737192188144696,0.6334251699575316,0.1346692998260664
16054,0.7802732435249334,0.5526056948594176,0.34908980560662606
16064,0.913317145504208,0.42597098702713854,0.5242705395649718
16069,0.9806731386181413,0.7746073336854725,0.22103653349617908
16075,0.9338761206489993,0.4187368333566955,0.5428277911410021
16087,0.730726706999383,0.5986078445898082,0.293307967938274
16092,0.6949204869768331,0.3336189536968437,0.46308184120912094
16111,0.5626095019158242,0.6368394125239712,0.20431759723534662
16216,0.95603237421614,0.5709022303228938,0.41023135951525425
16221,0.9819684865916521,0.4680221222712114,0.5223855114935775
16225,0.4383383691091265,0.5601442980137741,0.19280563105199225
16233,0.05420194282925894,0.4328569290164573,0.030740256309460333
16234,0.9131793117743654,0.4842250537352456,0.47099501046050873
16263,0.26842612858199744,0.565093826336979,0.11674018049277457
16281,0.0005736961591814582,0.6192131199945172,0.0002184559705258363
16291,0.9359327706841464,0.5422324112277777,0.428439687688987
16293,0.9453855589745802,0.473032763583484,0.49818721536091776
16296,0.5022313287573361,0.5039521212989466,0.24913078524728793
16323,0.6981102487671774,0.6420201609810227,0.24990939447117239
16360,0.8573674964375004,0.45316673427930093,0.4688370679996982
16448,0.434307035046094,0.51372695424741,0.211191804723641
16489,0.3629277932468884,0.5780684270891745,0.1531306946577145
16506,0.8754868482544105,0.5182416357759203,0.4217731119147399
16517,0.8443521896500604,0.4365308456617895,0.47576641426573585
16526,0.121074978367535,0.7322469509040703,0.03241819462713122
16536,0.655565559396135,0.6246822268047857,0.2460454059360324
16548,0.9419988811336579,0.5443794503037135,0.42919404803540406
16550,0.8018768608838239,0.7694552671690006,0.18486848665582167
16552,0.5739173084894086,0.5676300933984358,0.24814457306858667
16560,0.8735120005646164,0.41686519285976803,0.5093752519839259
16561,0.728930798554329,0.6787658813942942,0.2341574425981532
16574,0.06759151223097004,0.5424629723627231,0.03092561959966668
16595,0.03631712620321359,0.6604510430120318,0.012331442323101583
16606,0.43897627304276476,0.6858004892670857,0.1379261302133949
16701,0.001119800873310095,0.363588244810029,0.00071265443924654
16707,0.6152195549435855,0.6657019661483362,0.20566668760473628
16708,0.9259608766460872,0.5985417187704508,0.3717346620241448
16711,0.6641798266240622,0.5446129907615737,0.3024588648428282
16719,0.00023862130743423915,0.4727142007204973,0.00012582162681558273
16721,0.7041753539551917,0.5971724600700202,0.28366122551309264
16737,0.8024264036177366,0.6199232776122626,0.304983597444409
16740,0.6930548289581429,0.3715107749321987,0.4355774923814008
16741,0.9189467992951852,0.5073480029059922,0.4527209758959193
16805,0.0003890904431853581,0.5760765631439257,0.0001649445579229901
16815,0.0475136226244427,0.5780656380422611,0.02004763004634502
16831,0.8593552810549441,0.5307580073075943,0.40324558451296433
16973,0.08778262652607194,0.6043605195132952,0.03473027275453354
16988,0.6762045751216894,0.724044571407331,0.18660232334402943
16994,0.7893389535925551,0.5068287572313688,0.3892792727089313
17003,0.007724608112652187,0.5903400040160635,0.0031644629284065784
17004,0.8294192206000038,0.6328776270362344,0.3044983524484304
17048,0.8961533278743772,0.5223782924649764,0.42802228267255393
17053,0.9064208601830246,0.5379093263207539,0.41884862591889555
17055,0.9426951230194668,0.6642438363764577,0.3165156979716395
17056,0.8622390335409014,0.401919456176406,0.5156883900860724
17064,0.5389562194971567,0.6745177505543173,0.17542068267467567
17067,0.7947662653703005,0.6205091200823353,0.3016065493742516
17084,0.8730883273710045,0.6780504402456179,0.28109040262378476
17088,0.39257918240970224,0.5499115498795478,0.17669535576033715
17184,0.17208290718032548,0.688330681391452,0.05363296242507005
17190,1.768326116058372e-05,0.6264840203878177,6.604980615133483e-06
17191,0.005975433528119689,0.6312610259570471,0.002203375228620716
17198,0.9511282524479149,0.588680513276002,0.39121758460556955
17235,0.0016747979918110278,0.33366974114062375,0.0011159685794206056
17239,0.962303119605033,0.7298048241636629,0.2600096606095376
17247,0.9772345784935109,0.661523005781291,0.33077142277507066
17262,0.7964551844911274,0.516863393258176,0.3847966552569767
17272,0.9826448370554959,0.49603251317863534,0.4952210489688476
17274,0.4642727779236848,0.6713854584131207,0.1525667860886587
17278,0.4261715946690039,0.7408712602578195,0.11043330824049437
17285,0.9767024789878803,0.561324270282658,0.42845567268674534
17286,0.705926314904942,0.5990326075717457,0.2830534337339213
17290,0.8590198056625176,0.5089024724842338,0.42186250264793634
17295,0.964068174950913,0.5895085097511288,0.3957417818371098
17323,0.949206922895013,0.3344057305664261,0.6317866883855969
17440,0.6817624542394984,0.5911518785815327,0.2787372986694627
17462,0.9457418959065935,0.4441520136781992,0.5256887284198423
17469,0.1488003786676999,0.6890300636376402,0.04627244428498968
17474,0.5932116776060825,0.3820401342322798,0.36658100866529886
17480,0.9215419664102423,0.47611172109340977,0.4827850347228566
17494,0.8839962032502183,0.5113046430559183,0.43200484008457846
17530,0.8189340997214171,0.35593934568683244,0.5274432321059407
17537,0.6862057313594658,0.6569304733438858,0.23541627544620464
17547,0.9741026175002101,0.31830755541501227,0.6640383946003534
17561,0.9847320271530758,0.36417450141296975,0.6261177321392214
17564,0.9503948448189848,0.4784787994380672,0.4956510604778687
17566,0.4083444587463556,0.7437740137741586,0.10462846166214236
17579,0.7706470392150533,0.2506453336156425,0.5774879549710892
17668,0.0037165678504135213,0.4846074932399972,0.0019154912209682598
17681,0.7239471135426712,0.5417373258169217,0.3317579402191851
17687,0.0899824903850227,0.6813893992062765,0.028669375322487534
17694,0.901965920247458,0.3935435170707252,0.5470030797153401
17708,0.7690971991361677,0.6158049672154213,0.2954833236366476
17722,0.8485174137201494,0.6036694490002676,0.3362933741125747
17724,0.09022728419398984,0.6391885131722975,0.032555040562459135
17726,0.9636587669880167,0.4428352523102894,0.5369166937678559
17729,0.9196341015544894,0.5296858720751647,0.4325169104825391
17754,0.9166548464442528,0.49761819734338364,0.4605107141705876
17768,0.8421346737873073,0.4429587240535929,0.46910377320519303
17772,0.9730738173432407,0.43103193444250215,0.5536479274984336
17781,0.9735534190492836,0.36115977213455347,0.6219450880646289
17787,0.8511098254358224,0.3748546496973015,0.5320673499681458
17802,0.9581403004660496,0.6703234200815897,0.3158764173396452
17890,0.0047457627265470315,0.4274781315562428,0.002717052943393446
17894,0.6182659226236984,0.48877590609662297,0.3160724360846356
17901,0.6242191529243337,0.5482111548926193,0.2820152501935922
17922,0.9804750638862373,0.6926219811901141,0.30137648262984795
17929,0.931248175062535,0.6558432130514218,0.3204953797812491
17931,0.7100335362210917,0.623073420437038,0.2676305121828106
17932,0.8910541665228734,0.7411473264496484,0.23065175328262597
17938,0.8946016294017427,0.47491700184482283,0.4697401057207738
17950,0.9727910213143628,0.4295510084907487,0.5549276570580328
17951,0.24696703003002174,0.5913903576083154,0.10091310982310361
17966,0.7598709933497978,0.8171981595113683,0.13890581611826786
17967,0.9103334336727139,0.7172781931115992,0.2573711132388718
17976,0.8354348374240759,0.27752767053573846,0.6035785531093687
17978,0.37672366393798706,0.8169362671325102,0.06896444018000565
17986,0.7610632272311758,0.27588332585362685,0.5510985729177444
18002,0.9531854606671253,0.5056598635791559,0.4711978306605518
18004,0.8565230458276025,0.4769474236389764,0.44800658583271863
18026,0.8267685340743075,0.581816390777078,0.34574104957113827
18125,0.5111147565212942,0.6046263236823808,0.20208132030600895
18135,0.9718557674892513,0.47705926699972107,0.5082229674213776
18161,0.42084543307394995,0.3174323137460432,0.28725549352383045
18165,0.9394689149220816,0.6994841483345651,0.2823253010810114
18181,0.05714518024657933,0.5416137773652475,0.026194563315011573
18198,0.36574497465761147,0.5377718913127415,0.16905760789785704
18311,0.8597786260021281,0.6603807674219074,0.2919973571498896
18316,0.6324510240835344,0.6959143183439659,0.1923193007724984
18328,0.3098437921983207,0.561462153848478,0.1358782292740713
18338,0.1777123841165935,0.7243821391926594,0.048980707149187924
18349,0.936054176182128,0.702258559361619,0.2787021189320397
18351,0.9510845533652497,0.47625301325432445,0.49812766896540617
18366,0.0005535072089255522,0.7592462674455286,0.00013325892654463431
18381,0.018147564401318372,0.8179731663641918,0.0033033436861738944
18399,0.004705252734424792,0.6973741288368345,0.0014239312077981693
18405,0.7191340849797223,0.43428978401893464,0.4068214985332246
18429,0.3401590066753024,0.5843278392615784,0.14139462929935814
18434,0.8442977858405507,0.6735459142606326,0.2756244617683492
18459,0.2757716896942317,0.7485311558538713,0.06934798805563332
18543,0.09640478237332417,0.7853984000946304,0.020688620535844346
18560,0.6161268797675779,0.7602545199139434,0.147713634583802
18584,0.968027924783046,0.5608292866151462,0.42512951430342993
18607,0.41542467313300246,0.569869584012914,0.1786867874659976
18608,0.9694668896498089,0.44521378157880687,0.5378468695933736
18610,0.7732567027798991,0.5251345339729375,0.3671929045241265
18614,0.0032706419625702088,0.36248376955944467,0.002085087335098459
18623,0.9285204503445207,0.5026299641628037,0.4618182496634239
18644,0.6442614818797803,0.6027468318656696,0.2559349147836612
18735,0.4450062241915419,0.7298334840078283,0.12022578118466014
18736,0.1505284200835375,0.6188760958437404,0.057369979148711336
18739,0.8629807769559305,0.7211061209185776,0.24068005645793922
18740,0.8656291396419653,0.6330597191876766,0.3176341995795527
18745,0.9716219308894322,0.36815408602269317,0.6139153469632289
18749,0.8531859094230282,0.5963435879846728,0.3443939629797335
18754,0.7826381466635666,0.4977139408303975,0.3931082304434443
18758,0.7038121276319227,0.5604828871876086,0.30933747429912894
18759,0.41697638420863736,0.657477776430975,0.14282367829491452
18770,0.8106620800548708,0.5485989692563589,0.36593369852155283
18772,0.28931628952792854,0.6029404110814703,0.11487580698739361
18775,0.8133938915170705,0.38411765828459643,0.5009549346445383
18781,0.9137204747303909,0.601438529420973,0.36417377610671126
18787,0.3547255576312921,0.4484633285624255,0.19564415332980034
18791,0.7792873117710029,0.47760078665726924,0.4070990786371433
18821,0.886163570021121,0.6088488111667691,0.3466239339144615
18825,0.9612555756568675,0.6224049012430509,0.3629653940208228
18941,0.35327777427526796,0.7141437188222785,0.10098667077707064
18946,0.2277674045400484,0.5368751453732029,0.1054847461163328
18947,0.35539013219564475,0.5288506166872602,0.1674418416194111
18954,0.9262298547661346,0.5033852914067088,0.4599793694150903
18960,0.5424559880486968,0.6461004654690273,0.19197492167397265
18977,0.5421972999085185,0.7045750434669675,0.16017861375780165
18992,0.472425741099861,0.4192528792140176,0.27435988892892826
19001,0.5444546943624129,0.5459532375401901,0.24720789128129889
19004,0.9755360371789187,0.30880437639502145,0.6742862395670123
19157,0.021078051158190503,0.42914892114387326,0.01203242824383768
19168,0.9468119151535104,0.665210475841839,0.31698271054152083
19186,0.9616153423729773,0.5844901112208901,0.39956068395768146
19187,0.2996590927057077,0.49864055838568055,0.1502369153935872
19197,0.23654494974044304,0.5196970872357686,0.11361322836000352
19199,0.020290876426559024,0.7204780069843432,0.005671746218786187
19206,0.8714610344647775,0.647089341916065,0.30754788716747133
19209,0.35903322386226943,0.7339349768321287,0.09552618302495024
19240,0.9641401297792406,0.3995269858405025,0.5789401298006697
19245,0.34252468993799934,0.6428985791606684,0.12231605344941107
19280,0.9612625270824153,0.4551442296919434,0.5237494346617585
19409,0.966252819060485,0.620347962253447,0.3668398517346645
19429,0.8358030472206842,0.597357489142054,0.3365298375156587
19434,0.9737021977571082,0.4485714184087238,0.5369272218015105
19436,0.15265722431081163,0.8067759738927602,0.029497043495691024
19437,0.3963776716614821,0.757114410191031,0.09627442456860494
19439,0.6707696989091072,0.30520104560327005,0.46605008544305704
19440,0.0003607630044704102,0.530239836427843,0.0001694720879908027
19446,0.5851146260613374,0.4727085167561651,0.3085259590435444
19453,0.6739780300160731,0.5544210051145632,0.30031045318942867
19458,0.7533852517987027,0.2640277505148005,0.5544706384952647
19473,0.9429244705482556,0.6427841562965609,0.3368275602955137
19486,0.63011224205873,0.728862790895991,0.17084687473407378
19491,0.21805953515538656,0.6500001898358787,0.07632079590886183
19493,0.9462666629564406,0.7000169511093192,0.2838639586172833
19511,0.9841049311443206,0.49505711119984797,0.496916786814488
19619,0.662295033624845,0.7541250979877057,0.16284172649573794
19630,0.02957589927721216,0.6523559436556364,0.010281885594762365
19652,0.9726429466351172,0.7232829718967598,0.269146865598448
19657,0.05794631607538847,0.4942937326874549,0.02930381520699763
19687,0.986913326478542,0.5298336607882692,0.4640134258296878
19708,0.36122957887329854,0.5827526073359723,0.15072209993800856
19726,0.7386525447449779,0.4986988188475545,0.370287393141917
19817,0.022614315015521913,0.6866545895741601,0.0070860918200379465
19819,0.8700566296177593,0.790960692790938,0.18187603508794792
19822,0.0018081689948491464,0.6789032237031226,0.000580597235246026
19840,0.5723348270410374,0.8368458724289419,0.09337878938441288
19844,0.6187944199742057,0.36708148397852564,0.3916464460124432
19864,0.38617957603756636,0.5927178420096981,0.1572840511003599
19868,0.25112290691649,0.6738008592320642,0.08191607646330534
19903,0.37584922189794545,0.6198369409950965,0.14288398992133572
19910,0.12147787244090125,0.8493353990909288,0.018302415170591443
19911,0.905296110676264,0.6810466475159425,0.2887472294909728
20059,0.4459014883928445,0.5862400313432037,0.18449618586144217
20062,0.009113688567390366,0.7340994474333538,0.002423334825989425
20072,0.6018747964102404,0.6694928724616842,0.1989239100992572
20074,0.30358901304832897,0.5773652229068466,0.12830727485761098
20081,0.39306640453024366,0.5994337087237828,0.15744915188795702
20092,0.3359491324894691,0.5055383658812624,0.16611395703151516
20095,0.5751045875269754,0.5983514879527075,0.23098990185178153
20103,0.8367717424125825,0.6969874861129309,0.2535523092180996
20132,0.41428125036847163,0.7538373381203987,0.10198057535751255
20133,0.8660170610402742,0.5482861835990067,0.3911918717108742
20143,0.9737057363871853,0.5418181754398154,0.4461342708825987
20288,0.6210659742265001,0.7235298969865667,0.1717061738725388
20289,0.4021918613418487,0.4942462026423428,0.20341006113998428
20293,0.6291381704469218,0.6707218657859483,0.20716144292760447
20300,0.035095165021092556,0.6830846624442974,0.011122196069232633
20304,0.9466478099520074,0.5008494850304223,0.47251974183236745
20309,0.0424080381332369,0.5830159477477256,0.017683475588866102
20314,0.6232050273558517,0.5098275194615979,0.3054779541430206
20345,0.02467314736893056,0.5727778916781497,0.010540914037890226
20350,0.9355728041811842,0.6604430411034252,0.31768025621410356
20358,0.8970155442499113,0.552300122019292,0.4015937497074836
20364,0.7984560086346846,0.5385708609018083,0.36843086867208086
20366,0.9533467926255998,0.46296736008031747,0.511978344802688
20370,0.8884258377918937,0.6662656397022756,0.2964982286474475
20507,0.5607444090351799,0.5183570828498314,0.2700785729433514
20527,0.8110953847865664,0.6233039967681883,0.305536389688868
20538,0.5329179749459414,0.5356686174150943,0.2474505401109971
20568,0.7246709887507663,0.5129791843166266,0.35292985604347493
20576,0.7368008219508243,0.5218340768758878,0.3523130451867205
20580,0.7822457087180361,0.56147620411759,0.3430333574997592
20581,0.02889302054583487,0.6430612858125422,0.010313037602622099
20589,0.9633622848682692,0.5384258659285934,0.4446631124351231
20608,0.9246894044435092,0.2516802158468635,0.6919633755418592
20740,0.9522417543452103,0.6244779485145985,0.35758777710177114
20749,0.9406219905208854,0.5292165625048232,0.442829254080978
20752,0.8577706867249417,0.47542221480738694,0.4499674470453166
20771,0.2526833610964345,0.7871752062345813,0.05377728421330151
20776,0.9452295292735128,0.6447201484084197,0.3358210068802729
20795,0.0360725153514887,0.6160687109132713,0.013849367319497867
20800,0.02332208297169891,0.6847833169799561,0.007351509635457179
20806,0.9079818129521497,0.5516545335496655,0.40708952945645194
20819,0.976631941916436,0.3886897309722404,0.5970251351540398
20979,0.9552630910161997,0.7807452020286197,0.20944601603027307
21001,0.6326883374647345,0.5637834771732539,0.2759891066019014
21007,0.9059735554837351,0.537162929521631,0.41931814635096404
21010,0.543187162392897,0.6901258412899789,0.16831966496858258
21012,0.548926776658355,0.5096975026507562,0.26914016945746205
21016,0.3410777861167409,0.682354408048165,0.10834185527267351
21021,0.8711317480916094,0.4245213689673221,0.501317705840863
21026,0.32238742740397164,0.5837001881351135,0.13420982537587814
21033,0.044815122177168876,0.7098763458977212,0.013001927005080306
21245,0.7798490142696402,0.8819622275223452,0.09205164051328314
21275,0.5282816504123198,0.6977990587127672,0.15964721201937593
21276,0.5996955695283133,0.4733247245339265,0.3158448292771082
21280,0.23909479420870117,0.5096339726397779,0.11724396439863062
21295,0.8678437573278162,0.3040005555063885,0.6040187730074086
21303,0.8864874630944284,0.6796257178103484,0.2840077846590027
21309,0.9633364321113698,0.6653898995121255,0.32234210035241595
21329,0.07138980829036334,0.771189642135964,0.016334727582762963
21500,0.8988000361890196,0.5507160888919089,0.4038163955630965
21522,0.965692145965649,0.3981013166375952,0.5812488311901394
21528,0.3469644643871611,0.7254927340840527,0.09524426648891067
21548,0.377899428763642,0.6904623632601239,0.11697409610484691
21550,0.055604564154100644,0.45280670670242873,0.030426444581858413
21561,0.7308884417894901,0.6226655546596073,0.27578938478834114
21564,0.9406437674133702,0.623036032568873,0.3545888065035063
21727,0.6222854683189762,0.6003650019387793,0.2486870519251799
21767,0.33020211339180683,0.602890045137504,0.1311265463445212
21779,0.15805496976005007,0.4355823884771696,0.08920900852128064
21780,0.7226849332796519,0.7848513637757875,0.15548467781490313
21784,0.2960540837974578,0.6780764743464947,0.09530677444019592
21800,0.8902801477079683,0.7449193472543958,0.22709324120380148
21801,0.5937469727285216,0.7357212946653949,0.15691468124903477
21823,0.8614109076520188,0.49397262560393734,0.4358974998752802
21826,0.9241836890523819,0.372226760733543,0.5801777881536379
21974,0.108966619033671,0.7677391611410774,0.025308678344381063
22005,0.9760823890298009,0.3830730522691861,0.602171528997956
22010,0.23311714233742775,0.6206330126644038,0.08843694798483331
22014,0.38000945504392314,0.44426029353116686,0.2111863430014911
22045,0.17137738087940002,0.6679956479329058,0.05689803629782082
22062,0.5651810830547499,0.5560171080404992,0.25093073173545066
22063,0.8744283392191673,0.6191641171542636,0.3330136885518627
22068,0.5809078984668696,0.6045387357236214,0.22972657195584245
22076,0.8863715888724505,0.40453072520578226,0.5278070472240766
22088,0.6683137402651251,0.36456781110755226,0.42466806284356723
22282,0.6782151372418495,0.6431563893801312,0.24201673835043142
22292,0.9718019895954793,0.48621113812717526,0.499301038200008
22295,0.6600863105795296,0.467871196672431,0.35125093854159517
22297,0.9829300076161893,0.8569769089523473,0.14058168797276016
22305,0.005611983998817127,0.5325974480673303,0.0026230556424524333
22319,0.27474732443263505,0.8604318706873182,0.03834597010472735
22535,0.18792014408043478,0.5184810933011305,0.090487102324305
22541,0.5465685062393109,0.6103095246970114,0.21299254098204154
22542,0.8734219958048461,0.6342857779301706,0.3194228457344471
22551,0.20837091550216713,0.36895196684960574,0.13149205639338957
22594,0.06530296808066571,0.6849408028005352,0.020574300698236816
22598,0.6986701376911904,0.7332950646108516,0.18633877393125634
22793,0.6835603391839762,0.7411069924064602,0.17696899208299982
22812,0.8962074647403431,0.39656820738347665,0.5408000770045749
22815,3.972130900053994e-05,0.5740136319681449,1.6920736154611045e-05
22817,0.02337829271957459,0.6424598517113825,0.008358678245691404
22828,0.4003516172182927,0.48738062040374175,0.20522799763879987
22829,0.24843221275634464,0.4969240288912066,0.12498027668710443
22846,0.832390751398063,0.5237398567314804,0.39643453851623217
22851,0.971115040178566,0.4318894190125217,0.5517007296815234
23005,0.6473256325166921,0.7067000365822655,0.1898605843365076
23020,0.9221700550431435,0.6307915901270544,0.3404729396549257
23055,0.41120498843486897,0.6772951825402193,0.13269783073142563
23056,0.9684174418910398,0.5426117907824732,0.442942719521561
23063,0.8729218269849618,0.5927478046585265,0.3554993304011156
23230,0.2577843495657214,0.7960048122591235,0.05258676678631908
23244,0.9675039084251842,0.5990090894381337,0.3879602732115791
23254,0.17857385093518718,0.559382836082175,0.07868270374894662
23255,0.0023748113117962877,0.5613757222836416,0.0010416498963492843
23287,0.0014466245938875577,0.7789569164400801,0.00031976636098652255
23312,0.45263413616277137,0.6047297434412516,0.1789128111283061
23481,0.4153019337267402,0.8108170046619984,0.07856806379208896
23491,0.9166402916432169,0.4352925675122157,0.5176335856086949
23497,0.00791331699057607,0.6525609262580104,0.002749395525432498
23507,0.5277142014953169,0.5512233323873633,0.2368258207989318
23546,0.9439009496302092,0.5693154945854828,0.40652351365177974
23557,0.5733842547493002,0.5563188480871775,0.2543997866358448
23753,0.17362886803726585,0.7006013925693195,0.05198424130012278
23756,0.6807014070440442,0.7180122290132789,0.1919494724798748
23770,0.9775081578739652,0.4003145023359829,0.5861974661252854
23772,0.5508100499595788,0.7524486585172995,0.13635376676964703
23786,0.8159947761113326,0.5483121376765558,0.36857493608882524
23792,0.04065537575813405,0.5808215017441638,0.017041859356321357
23793,0.8120203813048283,0.5047487766223895,0.40215408724877
23797,0.2512440127880564,0.6356897463912169,0.09153077001650518
23815,0.6552791379118799,0.4444142799082714,0.3640637316978589
23987,0.14704718646134174,0.5946265139453455,0.0596090305903629
23999,0.7467571988841305,0.7414874226566868,0.19304612813320973
24021,0.2272705376485481,0.8457226777650416,0.0350626899713173
24024,0.6758413971943499,0.3747172091927401,0.42259199498076094
24238,0.4348482308261873,0.706633613884773,0.12756985398607862
24243,0.9456963693653488,0.49455541122843244,0.4779971125166332
24245,0.8589300419342561,0.3079867045297146,0.594391008897355
24246,0.11632949087781708,0.6336471248683061,0.04261764344569444
24250,0.9539010441291347,0.3164025371306729,0.6520843335950784
24277,0.08829471854085524,0.7684767330618559,0.020442281689962725
24278,0.48954975255777833,0.573763816016847,0.20866381840012424
24279,0.09990537874041117,0.6855212348658354,0.031418120136545526
24461,0.08105951091733021,0.7160852721180084,0.023013988984341132
24491,0.5261798125810215,0.3626174977648289,0.33537780556852487
24502,0.9188171064514079,0.5721517588944085,0.3931142828929639
24509,0.9079276932815459,0.8934915138243632,0.09670200416835534
24730,0.9473610890445568,0.7032614434025152,0.2811185621397031
24776,0.6126487146946193,0.6636171207427106,0.20608453862225368
24784,0.13106474745620034,0.39262671155652307,0.07960522666148623
24789,0.8146648417050122,0.5472598191309556,0.3688315077811787
24939,0.9712344314259546,0.5181997836373211,0.4679409591999083
24950,0.7964304054053613,0.5636185684653411,0.3475474404285203
24967,0.860028795934137,0.5206543854978632,0.41225103167658167
24973,0.09350392687653586,0.33998938352924335,0.061713584420218986
25010,0.2218611454311944,0.5517528335937495,0.09944862977517793
25176,0.12308140824535618,0.7387999146899292,0.032148874333770686
25189,0.8532403659521046,0.675239139038025,0.2770990758541161
25190,0.9304789495958137,0.4574834877947843,0.5048001944150935
25192,0.08489643933739544,0.6151121586879407,0.03267560727165032
25199,0.07137587472637508,0.8220715816296161,0.012699796499866573
25201,0.6449290104448286,0.5703652330077326,0.2770839251290176
25202,0.6325009554097236,0.5364590125996059,0.29319011740231593
25205,0.35964154327072395,0.3137228556487793,0.24681377130589843
25207,0.010768579096309905,0.5189526887491517,0.00518019602027197
25213,0.9647629236945615,0.4113737981364947,0.5678847354730605
25214,0.9803851583357639,0.49541093781931206,0.49469162762050833
25233,0.2894254223815209,0.6334007145023396,0.10610315304992414
25384,0.9249690083641733,0.8184888788339277,0.16789216175205116
25402,0.35144730687169323,0.6690626466652615,0.11630704157273981
25403,0.5722833194085519,0.6581037692463791,0.1956615098289544
25412,0.3017085246450045,0.46639010331676534,0.160994654664272
25431,0.6199535891178172,0.5736093113672588,0.26434243778428557
25444,0.7558800773311739,0.4745818641703175,0.3971531011421417
25620,0.9674057252729011,0.343731833510018,0.6348775815767581
25622,0.9093666076370956,0.5998517596482884,0.3638814478805892
25627,0.7705951585021693,0.6821365017212634,0.24494407283815706
25659,0.6956926636239581,0.4937742630783948,0.3521775313139926
25682,0.8489237911026952,0.4528477360333971,0.4644905742369511
25700,0.056841607568526076,0.5397862715127555,0.026159288152320163
25850,0.1321390344199489,0.506021910350452,0.06527378779090223
25859,0.5406623299947928,0.6078498811011375,0.21202079699159404
25880,0.5537213332203874,0.5715607413128075,0.23723595752422666
25891,0.7524066578335644,0.5542925227573278,0.3353532733235885
25901,0.8114985896854406,0.4188245019816548,0.47162309700162075
25926,0.01978108569526371,0.6352347419789948,0.007215452827568483
25956,0.4850898443757119,0.44516995536528187,0.2691424200068247
26104,0.1560087323445254,0.723504190277363,0.04313576077340169
26152,0.742748084463766,0.670232355924428,0.24493428595526007
26156,0.011284555671312702,0.4120156074905812,0.006635142611135516
26166,0.4080078981536104,0.48265738127635355,0.21107987449071966
26350,0.9113710948098666,0.6256888447675325,0.3411363673437598
26353,0.77371156912192,0.5203455051855235,0.37111423181929043
26382,0.9808099267151152,0.4684411485433219,0.5213581981419952
26393,0.974601242449942,0.48822143601123635,0.4987800243226962
26587,0.8592017855994412,0.5629714572579994,0.37549570428184864
26602,0.987082745838887,0.7962149053942111,0.20115275074451944
26603,0.014303448270002406,0.570920328460411,0.006137318885576135
26604,0.7938346623918906,0.42599561554615767,0.4556645767443809
26624,0.011128721047657386,0.6560086471251437,0.003828183808950552
26625,0.15614369474270362,0.6597737474434056,0.053124184122650873
26637,0.8656311431362405,0.5389680600351199,0.3990836052141178
26861,0.9661018651308124,0.4205992131782748,0.559760180806729
26867,0.37171274055667836,0.6044019336611106,0.14704884139775123
26894,0.9609082778442747,0.6664081572384678,0.320551163130882
26917,0.8742034511427349,0.5312900912431044,0.40974781982007447
27113,0.8456247026409823,0.4262985008638709,0.48513615961167494
27127,0.7877705112621878,0.6697951584486871,0.26012563685012746
27133,0.44744865399040323,0.5154320717999193,0.21681926724004444
27138,0.8978986186548059,0.6512002591260683,0.31318680551785755
27338,0.8863450110973188,0.4090249056187642,0.5238078265875754
27348,0.06752569582981116,0.6635333050703451,0.02272014769868174
27383,0.8823579083175147,0.5442689417962095,0.40211790327202407
27623,0.9813882980998024,0.39799380071400775,0.5908018393628104
27625,0.8185111620948968,0.4677891891722127,0.4356204892501195
27856,0.03481587831417754,0.5958482343400778,0.014070898693675848
27886,0.21609229586117895,0.7617615268137808,0.05148149863327202
27893,0.9641476889472682,0.5393702535607167,0.44411510548980115
28090,0.8496368133949977,0.485783540952549,0.43689723366033556
28107,0.7354951442253883,0.4539165360556979,0.40164173607281417
28112,0.7115895355658388,0.4271158386611589,0.407658374300131
28116,0.1599720442688235,0.6203982171494697,0.06072567321068935
28126,0.24620525177629438,0.635747517671615,0.08968087412180026
28132,0.03374329320699476,0.32462869359409235,0.022789252015645644
28304,0.5974648268148868,0.6006338564452763,0.23860722379465218
28310,0.6111969511582531,0.5267316408988612,0.2892601781622854
28314,0.5234923758778139,0.5028791517295569,0.26023897395948853
28317,0.03189024425414011,0.4865721868704949,0.016373338367568924
28321,0.31985358391483654,0.44476382901821393,0.17759427920767526
28323,0.8960623371533533,0.4804961775424057,0.46550780931145264
28324,0.8161457612940302,0.6428784297947439,0.29146325578968824
28343,0.056451486898285164,0.45759176128250256,0.030619751581482738
28538,0.351557499128645,0.3913488621200821,0.21397587187486805
28543,0.9539114963418578,0.4510720796998964,0.523628653837296
28545,0.37604723520729855,0.5823650301042664,0.15705047575517397
28568,0.8077957376884467,0.6234956171663544,0.3041386356740381
28793,0.027403982118219705,0.7980351518166432,0.005534641088125667
28799,0.8562111567593824,0.7752892404852234,0.19239985934042628
28800,0.866202662731115,0.5582426920690368,0.38265135641072945
28991,0.9340396118454339,0.5998514494776667,0.37375459681039325
29015,0.012235728170739812,0.8168954241166492,0.0022404178173272816
29026,0.14233850301130568,0.562381795686874,0.06228992009242608
29046,0.6189704128528655,0.7003614723252822,0.18546738318144482
29229,0.9636430002694827,0.7295746268027093,0.2605935179768317
29482,0.14903629473126268,0.5564778773912918,0.06610089378494664
29485,0.9793857548105346,0.5037141658291049,0.4860552763012379
29488,0.2793437223366052,0.2772273210229654,0.20190201054864504
29498,0.030656090488085375,0.777771543891599,0.006812655659486651
29509,0.45840010552530985,0.4782255822593558,0.23918144815271844
29722,0.24180837499753483,0.594411200074447,0.09807476862719823
29729,0.8552197532710719,0.49672104226333946,0.43041410606206904
29749,0.6038831961303005,0.4069797030095273,0.3581149923167467
29752,0.08524575471665308,0.49657945351998545,0.04291446442455877
29946,0.768676820502939,0.5181148411283912,0.37041395176898184
29965,0.3873950996835558,0.3786831419433211,0.2406951061619408
30149,0.1919364762371919,0.7984054324918317,0.03869335091607852
30167,0.8560999891998743,0.645148122194128,0.30378868875716214
30179,0.4713128644293647,0.4449149733451392,0.2616187139145527
30183,0.9128594156649312,0.6706171331408447,0.30068025137108834
30185,0.04166440459977805,0.8033021204522662,0.008195300037395187
30204,0.08192137304879576,0.3712228356405606,0.05151028864605361
30372,0.733617144615647,0.49633807833152527,0.3694950208260561
30381,3.680610881229285e-05,0.3789387251967024,2.285884885951148e-05
30412,0.8864361177951082,0.6667623253516015,0.2953939106183957
30598,0.02757873182014481,0.36121123233314484,0.017616984113204986
30602,0.9831401468027676,0.4055083282346496,0.5844686294524093
30851,0.9053142968593908,0.5721339282141344,0.3873532719288105
30878,0.4965282476284223,0.25857457565078534,0.3681386666992749
31090,0.9681205893476612,0.4126420342783169,0.5686333399325192
31095,0.9197563595069234,0.5623122133161582,0.4025661252809732
31147,0.6426669923162651,0.6018226587186054,0.2558954343298009
31335,0.4776139899898314,0.6455422395225697,0.16929398526448544
31346,0.6844669132974298,0.5619335396667002,0.29984199792346466
31354,0.006062891154693828,0.5155354449808733,0.0029372558653881446
31360,0.8737627833552581,0.6441020130188935,0.31097041569514505
31371,0.011789244548613964,0.46241072205130207,0.006337771464450004
31373,0.7205830885104312,0.653453324193407,0.24971567396573793
31574,0.2412269751485504,0.48220843094330945,0.12490529396096721
31588,0.6630329234579293,0.4040312647370125,0.3951468928309433
31605,0.9073181862645934,0.7173084720945049,0.25649116437158054
31827,0.6892483584654315,0.523297234116176,0.3285665988613566
31829,0.06763362450097044,0.5536593126907121,0.030187638444981436
32039,0.7925125584912188,0.7001621023439033,0.2376252994040614
32072,0.5191383257301417,0.5707665669343694,0.2228315257890923
32286,0.6679661671881715,0.29090240278126545,0.47365320417653994
32299,0.1039031101808412,0.3156960526360414,0.07110130844014195
32303,0.6212028907249859,0.5583157885239425,0.2743755089565129
32519,0.664198628403175,0.44014029913448544,0.37185804541308665
32520,0.06897199852220282,0.5339334154846597,0.032145543778440165
32562,0.8790797617622453,0.5292072273506494,0.4138643984199781
32744,0.5078945639239838,0.7065460916996841,0.14904364478797769
32978,0.46922792468777164,0.40950457047296945,0.2770769449345829
32997,0.6704467782203433,0.705264220833442,0.1976046535684814
33009,0.7413189324949659,0.47122730340300995,0.3919892109737652
33215,0.1454162733333959,0.6792556766440238,0.046641444195267764
33410,0.25009978088337037,0.2997373415871426,0.17513553742986207
33418,0.8447201352825786,0.6243168560725325,0.3173471161617948
33421,0.004114149026316349,0.6164415795629281,0.0015780165019766163
33433,0.00040721841580315665,0.7243122540865868,0.00011226512714720329
33858,0.053155427340270456,0.6029721115610711,0.02110418707597649
33863,0.5296484099552925,0.3529699989314241,0.3426984112593424
33889,0.08519103912893244,0.6650687290151848,0.02853314301197047
33890,0.540131743502177,0.721619757003081,0.15036200600648555
34322,0.23557005926114116,0.29025162506133784,0.1671954667447993
34324,0.711700456693832,0.6030883981983554,0.2824821682693109
34344,0.4558104609407624,0.6869905559792775,0.1426729789578973
35721,0.006892381836347439,0.5036562645073711,0.003420990547094233
35725,0.4088196795402034,0.5643569475555019,0.17809945309427572
36278,0.0024216794642978323,0.7572552891300841,0.0005878498813805901
